Style|SKU|prediction|count
TAGS|TAGS|9|1
SHIPPING CHARGES|SHIPPING CHARGES|9|2
TAG PRINTING|TAG PRINTING|8|1
JNE3469|JNE3469-KR-L|8|2
SET191|SET191-KR-PP-XXL|8|2
JNE3273|JNE3273-KR-XS|8|2
SET100|SET100-KR-PP-L|8|2
SET186|SET186-KR-DH-XXXL|8|2
J0239|J0239-SKD-XXL|8|2
JNE3366|JNE3366-KR-1053-XL|8|2
JNE3366|JNE3366-KR-1053-L|8|2
SET110|SET110-KR-PP-XS|8|2
J0119|J0119-TP-L|8|2
SET217|SET217-KR-PP-L|8|2
J0148|J0148-SET-XL|8|2
J0194|J0194-DR-XXXL|8|2
SET226|SET226-KR-PP-XL|8|2
J0202|J0202-TP-XL|8|2
J0283|J0283-SET-S|8|2
SET267|SET267-KR-NP-S|8|2
SET191|SET191-KR-PP-XXXL|8|2
SET252|SET252-KR-PP-XS.|8|2
J0279|J0279-SET-XL|8|2
SET272|SET272-KR-PP-XL|8|2
J0207|J0207-DR-XL|8|2
SET073|SET073-KR-SHA-XXXL|8|2
SET191|SET191-KR-PP-L|8|2
SET226|SET226-KR-PP-L|8|2
J0201|J0201-TP-M|8|2
JNE3639|JNE3639-TP-L|8|2
J0202|J0202-TP-M|8|2
J0023|J0023-TP-S|8|2
SET073|SET073-KR-SHA-XL|8|2
J0279|J0279-SET-L|8|2
J0034|J0034-SET-XL|8|2
SET073|SET073-KR-SHA-S|8|2
SET055|SET055-KR-NP-XS|8|2
JNE3649|JNE3649-TP-S|8|2
SET219|SET219-KR-PP-XL|8|2
JNE3522|JNE3522-KR-M|8|2
JNE3609|JNE3609-KR-M|8|2
J0138|J0138-KR-L|8|2
JNE3501|JNE3501-KR-M|8|2
J0023|J0023-TP-M|8|2
JNE3665|JNE3665-TP-S|8|2
J0282|J0282-SET-XL|8|2
J0239|J0239-SKD-S|8|2
JNE3501|JNE3501-KR-S|8|2
SET226|SET226-KR-PP-XXL|8|2
JNE3674|JNE3674-TU-XL|8|2
J0186|J0186-SET-M|8|2
J0123|J0123-TP-S|8|2
SET038|SET038-KR-PP-L|8|2
SET094|SET094-KR-NP-L|8|2
SET219|SET219-KR-PP-M|8|2
J0194|J0194-DR-XXL|8|2
SET217|SET217-KR-PP-S|8|2
SET268|SET268-KR-NP-XL|8|2
J0138|J0138-KR-XL|8|2
JNE3686|JNE3686-TU-L|8|2
SET272|SET272-KR-PP-XXL|8|2
SET186|SET186-KR-DH-M|8|2
J0023|J0023-TP-L|8|2
J0202|J0202-TP-S|8|2
SET098|SET098-KR-PP-XXXL|8|2
SET183|SET183-KR-DH-M|8|2
SET226|SET226-KR-PP-M|8|2
JNE2170|JNE2170-KR-436-XL|8|2
SET264|SET264-KR-NP-XL|8|2
J0186|J0186-SET-L|8|2
J0208|J0208-DR-XL|8|2
JNE3501|JNE3501-KR-XL|8|2
JNE3674|JNE3674-TU-L|8|2
SET097|SET097-KR-PP-XL|8|2
SET110|SET110-KR-PP-M|8|2
JNE3469|JNE3469-KR-XXXL|8|2
SET219|SET219-KR-PP-S|8|2
J0197|J0197-TP-S|8|2
J0148|J0148-SET-XXXL|8|2
JNE3555|JNE3555-KR-L|8|2
JNE3469|JNE3469-KR-M|8|2
J0148|J0148-SET-L|8|2
SET262|SET262-KR-NP-M|8|2
SET264|SET264-KR-NP-M|8|2
SET183|SET183-KR-DH-XXXL|8|2
SET100|SET100-KR-PP-XL|8|2
J0186|J0186-SET-XL|8|2
J0162|J0162-SKD-M|8|2
JNE3522|JNE3522-KR-L|8|2
J0084|J0084-TP-M|8|2
SET098|SET098-KR-PP-M|8|2
SET268|SET268-KR-NP-XXXL|8|2
SET217|SET217-KR-PP-M|8|2
J0341|J0341-DR-XL|8|2
SET171|SET171-KR-NP-XL|8|2
J0243|J0243-DR-S|8|2
JNE3273|JNE3273-KR-L|8|2
SET186|SET186-KR-DH-S|8|2
J0005|J0005-DR-L|8|2
J0185|J0185-DR-L|8|2
SET210|SET210-KR-PP-XL|8|2
SET094|SET094-KR-NP-XXXL|8|2
J0194|J0194-DR-XL|8|2
J0035|J0035-KR-XXL|8|2
JNE3665|JNE3665-TP-M|8|2
SET219|SET219-KR-PP-XXXL|8|2
JNE2170|JNE2170-KR-436-L|8|2
SET094|SET094-KR-NP-XXL|8|2
SET097|SET097-KR-PP-XXL|8|2
J0283|J0283-SET-XL|8|2
J0035|J0035-KR-S|8|2
J0185|J0185-DR-XL|8|2
J0188|J0188-KR-L|8|2
JNE3683|JNE3683-TU-L|8|2
JNE3273|JNE3273-KR-M|8|2
J0202|J0202-TP-L|8|2
J0123|J0123-TP-M|8|2
SET183|SET183-KR-DH-XXL|8|2
JNE3555|JNE3555-KR-M|8|2
J0034|J0034-SET-L|8|2
JNE3501|JNE3501-KR-XXL|8|2
SET183|SET183-KR-DH-S|8|2
J0283|J0283-SET-XXL|8|2
SET252|SET252-KR-PP-M.|8|2
SET186|SET186-KR-DH-L|8|2
SET226|SET226-KR-PP-XXXL|8|2
SET094|SET094-KR-NP-XL|8|2
J0154|J0154-DR-S|8|2
SET264|SET264-KR-NP-L|8|2
SET217|SET217-KR-PP-XL|8|2
SET098|SET098-KR-PP-L|8|2
SET097|SET097-KR-PP-XXXL|8|2
SET191|SET191-KR-PP-XL|8|2
SET100|SET100-KR-PP-XXXL|8|2
JNE3273|JNE3273-KR-S|8|2
J0282|J0282-SET-L|8|2
JNE3672|JNE3672-TU-XL|8|2
J0244|J0244-SKD-XL|8|2
JNE3639|JNE3639-TP-XXL|8|2
SET262|SET262-KR-NP-L|8|2
SET098|SET098-KR-PP-S|8|2
SET262|SET262-KR-NP-S|8|2
SET217|SET217-KR-PP-XXL|8|2
J0283|J0283-SET-L|8|2
SET217|SET217-KR-PP-XXXL|8|2
SET345|SET345-KR-NP-S|8|2
JNE3256|JNE3256-KR-L|8|2
JNE3518|JNE3518-KR-XL|8|2
J0126|J0126-SKD-XS|8|2
SET345|SET345-KR-NP-M|8|2
SET345|SET345-KR-NP-XL|8|2
JNE3256|JNE3256-KR-XXXL|8|2
JNE3578|JNE3578-KR-M|8|2
J0398|J0398-DR-M|8|2
JNE3720|JNE3720-KR-M|8|2
JNE3518|JNE3518-KR-S|8|2
JNE3720|JNE3720-KR-L|8|2
SET345|SET345-KR-NP-XXXL|8|2
SET303|SET303-KR-NP-L|8|2
JNE3518|JNE3518-KR-XXXL|8|2
J0397|J0397-DR-M|8|2
JNE3030|JNE3030-KR-M|8|2
JNE3720|JNE3720-KR-XXL|8|2
JNE3030|JNE3030-KR-XXL|8|2
JNE3256|JNE3256-KR-XL|8|2
JNE3720|JNE3720-KR-XXXL|8|2
JNE3518|JNE3518-KR-M|8|2
JNE3030|JNE3030-KR-S|8|2
SET345|SET345-KR-NP-XXL|8|2
JNE3578|JNE3578-KR-S|8|2
JNE3578|JNE3578-KR-XXL|8|2
JNE3030|JNE3030-KR-XXXL|8|2
JNE3030|JNE3030-KR-L|8|2
JNE3578|JNE3578-KR-XL|8|2
J0006|J0006-SET-M|8|2
JNE3256|JNE3256-KR-XXL|8|2
JNE3518|JNE3518-KR-XXL|8|2
J0395|J0395-DR-M|8|2
SET345|SET345-KR-NP-L|8|2
JNE3030|JNE3030-KR-XL|8|2
JNE3518|JNE3518-KR-L|8|2
JNE3720|JNE3720-KR-S|8|2
JNE3578|JNE3578-KR-L|8|2
J0126|J0126-SKD-S|8|2
JNE3256|JNE3256-KR-M|8|2
JNE3506|JNE3506-KR-L|8|2
JNE3720|JNE3720-KR-XL|8|2
J0126|J0126-SKD-L|8|2
JNE3256|JNE3256-KR-S|8|2
JNE3843|CMB5-JNE3843|8|3
JNE3846|CMB5-JNE3846|8|3
CMB5|CMB5-JNE3846|8|3
CMB5|CMB5-JNE3843|8|3
SET188|SET188-KR-NP-S|8|4
SET098|SET098-KR-PP-XS|8|4
BTM002|BTM002-L|8|4
SET055|SET055-KR-NP-XL|8|4
JNE3640|JNE3640-TP-M|8|4
BTM047|BTM047-PP-XL|8|4
JNE3667|JNE3667-TP-XL|8|4
SET193|SET193-KR-NP-S|8|4
MEN5004|MEN5004-KR-S|8|4
SET233|SET233-KR-PP-L|8|4
BTM029|BTM029-NP-XL|8|4
SET223|SET223-KR-NP-L|8|4
JNE3479|JNE3479-KR-M|8|4
SET289|SET289-KR-NP-XL|8|4
SET232|SET232-KR-PP-M|8|4
BTM030|BTM030-NP-XXXL|8|4
SET144|SET144-KR-NP-L|8|4
BTM047|BTM047-PP-XXXL|8|4
SET268|SET268-KR-NP-M|8|4
BTM048|BTM048-PP-XL|8|4
SET055|SET055-KR-NP-L|8|4
J0021|J0021-TP-XXXL|8|4
J0152|J0152-DR-XS|8|4
SET200|SET200-KR-NP-XL|8|4
JNE3479|JNE3479-KR-XL|8|4
SET197|SET197-KR-NP-L|8|4
BTM005|BTM005-XL|8|4
J0006|J0006-SET-L|8|4
SET275|SET275-KR-NP-XXXL|8|4
SET232|SET232-KR-PP-L|8|4
SET233|SET233-KR-PP-M|8|4
SET289|SET289-KR-NP-M|8|4
J0243|J0243-DR-XL|8|4
J0081|J0081-DR-XL|8|4
MEN5015|MEN5015-KR-S|8|4
JNE3405|JNE3405-KR-M|8|4
SET236|SET236-KR-PP-M|8|4
BTM029|BTM029-NP-XXL|8|4
J0086|J0086-DR-XXXL|8|4
SET144|SET144-KR-NP-M|8|4
SET200|SET200-KR-NP-M|8|4
SET268|SET268-KR-NP-XXL|8|4
J0159|J0159-DR-XS|8|4
SET196|SET196-KR-NP-S|8|4
SET198|SET198-KR-NP-XL|8|4
BTM046|BTM046-PP-L|8|4
JNE3576|JNE3576-KR-L|8|4
JNE3405|JNE3405-KR-L|8|4
SET193|SET193-KR-NP-XL|8|4
SET094|SET094-KR-NP-M|8|4
SET138|SET138-KR-PP-XL|8|4
SET144|SET144-KR-NP-XXL|8|4
BTM040|BTM040-PP-L|8|4
BTM048|BTM048-PP-XXL|8|4
SET196|SET196-KR-NP-XXL|8|4
SET200|SET200-KR-NP-XXL|8|4
BTM002|BTM002-XL|8|4
BTM044|BTM044-PP-XXXL|8|4
SET200|SET200-KR-NP-S|8|4
BTM021|BTM021-L|8|4
BTM047|BTM047-PP-L|8|4
JNE3676|JNE3676-TU-M|8|4
BTM046|BTM046-PP-XL|8|4
JNE3667|JNE3667-TP-XXL|8|4
SET193|SET193-KR-NP-M|8|4
BTM048|BTM048-PP-XXXL|8|4
SET055|SET055-KR-NP-XXL|8|4
J0328|J0328-KR-S|8|4
JNE3479|JNE3479-KR-L|8|4
SET198|SET198-KR-NP-S|8|4
SET233|SET233-KR-PP-XXL|8|4
BTM021|BTM021-XL|8|4
SET062|SET062-KR-SP-M|8|4
SET232|SET232-KR-PP-S|8|4
JNE3405|JNE3405-KR-XL|8|4
BTM030|BTM030-NP-XL|8|4
SET193|SET193-KR-NP-XXL|8|4
J0349|J0349-SET-S|8|4
BTM030|BTM030-NP-L|8|4
SET055|SET055-KR-NP-M|8|4
MEN5025|MEN5025-KR-S|8|4
BTM040|BTM040-PP-XXXL|8|4
BTM047|BTM047-PP-XXL|8|4
BTM005|BTM005-L|8|4
SET144|SET144-KR-NP-S|8|4
BTM030|BTM030-NP-XXL|8|4
J0021|J0021-TP-L|8|4
BTM029|BTM029-NP-XXXL|8|4
J0161|J0161-DR-XXXL|8|4
BTM002|BTM002-XXXL|8|4
JNE3676|JNE3676-TU-XL|8|4
SET198|SET198-KR-NP-XXL|8|4
SET043|SET043-KR-NP-XXXL|8|4
JNE3576|JNE3576-KR-XL|8|4
J0152|J0152-DR-S|8|4
BTM044|BTM044-PP-XL|8|4
SET188|SET188-KR-NP-M|8|4
BTM021|BTM021-XXL|8|4
BTM005|BTM005-XXXL|8|4
SET233|SET233-KR-PP-S|8|4
BTM027|BTM027-NP-XXL|8|4
SET289|SET289-KR-NP-XXXL|8|4
SET268|SET268-KR-NP-XS|8|4
BTM044|BTM044-PP-XXL|8|4
SET233|SET233-KR-PP-XL|8|4
SET232|SET232-KR-PP-XXL|8|4
MEN5013|MEN5013-KR-XL|8|4
SET232|SET232-KR-PP-XL|8|4
JNE3847|CMB5-JNE3847|8|4
BTM027|BTM027-NP-XXXL|8|4
BTM044|BTM044-PP-L|8|4
SET158|SET158-KR-PP-XXXL|8|4
SET200|SET200-KR-NP-L|8|4
SET188|SET188-KR-NP-L|8|4
SET188|SET188-KR-NP-XL|8|4
SET236|SET236-KR-PP-XL|8|4
SET144|SET144-KR-NP-XL|8|4
SET236|SET236-KR-PP-XXL|8|4
JNE3640|JNE3640-TP-XL|8|4
JNE3676|JNE3676-TU-L|8|4
J0097|J0097-KR-L|8|4
SET188|SET188-KR-NP-XXL|8|4
SET062|SET062-KR-SP-L|8|4
SET158|SET158-KR-PP-XL|8|4
SET262|SET262-KR-NP-XL|8|4
JNE3667|JNE3667-TP-L|8|4
SET186|SET186-KR-DH-XL|8|4
JNE3576|JNE3576-KR-M|8|4
SET264|SET264-KR-NP-S|8|4
SET275|SET275-KR-NP-XL|8|4
BTM021|BTM021-XXXL|8|4
J0021|J0021-TP-XXL|8|4
SET158|SET158-KR-PP-M|8|4
J0021|J0021-TP-XL|8|4
SET236|SET236-KR-PP-S|8|4
BTM005|BTM005-XXL|8|4
JNE3759|JNE3759-KR-M|8|4
JNE3567|JNE3567-KR-L|8|4
JNE3567|JNE3567-KR-XL|8|4
JNE3605|JNE3605-KR-L|8|4
JNE3605|JNE3605-KR-XL|8|4
JNE3560|JNE3560-KR-XL|8|4
JNE3732|JNE3732-KR-S|8|4
JNE3605|JNE3605-KR-XXL|8|4
JNE3567|JNE3567-KR-M|8|4
JNE3560|JNE3560-KR-L|8|4
JNE3759|JNE3759-KR-L|8|4
JNE3759|JNE3759-KR-S|8|4
CMB5|CMB5-JNE3847|8|4
JNE3839|CMB5-JNE3839|8|5
JNE3840|CMB5-JNE3840|8|5
CMB5|CMB5-JNE3840|8|5
CMB5|CMB5-JNE3839|8|5
SET198|SET198-KR-NP-M|8|6
JNE3640|JNE3640-TP-XXL|8|6
SET043|SET043-KR-NP-M|8|6
SET275|SET275-KR-NP-M|8|6
SET268|SET268-KR-NP-S|8|6
SET055|SET055-KR-NP-S|8|6
JNE3845|CMB5-JNE3845|8|7
CMB5|CMB5-JNE3845|8|7
SET043|SET043-KR-NP-XL|8|8
JNE3560|JNE3560-KR-M|8|8
SET110|SET110-KR-PP-S|8|8
SET196|SET196-KR-NP-L|8|8
JNE3844|CMB5-JNE3844|8|8
SET196|SET196-KR-NP-M.|8|8
JNE3640|JNE3640-TP-L|8|8
CMB5|CMB5-JNE3844|8|8
SET197|SET197-KR-NP-M|8|10
SET252|SET252-KR-PP-S.|8|12
JNE3857|CMB5-JNE3857|7|1
CMB5|CMB5-JNE3857|7|1
JNE3252|JNE3252-KR-XXXL|7|2
JNE3635|JNE3635-KR-M|7|2
J0138|J0138-KR-S|7|2
SET131|SET131-KR-NP-M|7|2
JNE3438|JNE3438-KR-L|7|2
JNE2251|JNE2251-KR-537-XXL|7|2
JNE3554|JNE3554-KR-S|7|2
JNE3665|JNE3665-TP-L|7|2
MEN5025|MEN5025-KR-XXXL|7|2
JNE3252|JNE3252-KR-S|7|2
JNE3373|JNE3373-KR-L|7|2
JNE3563|JNE3563-KR-XL|7|2
JNE3415|JNE3415-KR-XXXL|7|2
J0138|J0138-KR-M|7|2
JNE3673|JNE3673-TU-L|7|2
SET236|SET236-KR-PP-L|7|2
J0201|J0201-TP-L|7|2
J0171|J0171-DR-XXXL|7|2
J0207|J0207-DR-XXL|7|2
JNE3366|JNE3366-KR-1053-S|7|2
JNE3563|JNE3563-KR-L|7|2
JNE3674|JNE3674-TU-XXXL|7|2
JNE3438|JNE3438-KR-S|7|2
JNE2205|JNE2205-KR-467-XXL|7|2
JNE2251|JNE2251-KR-537-S|7|2
JNE3577|JNE3577-KR-M|7|2
JNE3686|JNE3686-TU-M|7|2
MEN5032|MEN5032-KR-XL|7|2
MEN5019|MEN5019-KR-M.|7|2
JNE3680|JNE3680-TU-L|7|2
J0138|J0138-KR-XXL|7|2
J0341|J0341-DR-L|7|2
JNE3516|JNE3516-KR-XL|7|2
JNE3364|JNE3364-KR-1051-L|7|2
J0177|J0177-KR-XL|7|2
J0098|J0098-TP-XXL|7|2
JNE3683|JNE3683-TU-M|7|2
JNE3625|JNE3625-DR-M|7|2
SET038|SET038-KR-PP-XL|7|2
SET044|SET044-KR-NP-XXXL|7|2
J0171|J0171-DR-L|7|2
J0171|J0171-DR-XL|7|2
JNE3438|JNE3438-KR-XXXL|7|2
JNE3673|JNE3673-TU-M|7|2
JNE3516|JNE3516-KR-S|7|2
JNE3829|CMB5-JNE3829|7|2
JNE3686|JNE3686-TU-XL|7|2
JNE3635|JNE3635-KR-XXL|7|2
SET227|SET227-KR-PP-XL|7|2
JNE2205|JNE2205-KR-467-M|7|2
JNE3577|JNE3577-KR-XXXL|7|2
JNE3364|JNE3364-KR-1051-S|7|2
J0001|J0001-DR-XS|7|2
SET044|SET044-KR-NP-XXL|7|2
JNE3364|JNE3364-KR-1051-XXXL|7|2
MEN5010|MEN5010-KR-XXXL|7|2
MEN5031|MEN5031-KR-XXXL|7|2
MEN5019|MEN5019-KR-S|7|2
MEN5019|MEN5019-KR-XXL|7|2
JNE2132|JNE2132-KR-398-XL|7|2
JNE3030|JNE3030-KR-XXXL|7|2
J0177|J0177-KR-M|7|2
J0118|J0118-TP-L|7|2
JNE3625|JNE3625-DR-XL|7|2
JNE3680|JNE3680-TU-M|7|2
J0190|J0190-TP-L|7|2
JNE2132|JNE2132-KR-398-L|7|2
J0138|J0138-KR-XL|7|2
JNE2205|JNE2205-KR-467-L|7|2
JNE3674|JNE3674-TU-XXL|7|2
J0177|J0177-KR-L|7|2
JNE3577|JNE3577-KR-L|7|2
JNE3415|JNE3415-KR-XL|7|2
J0123|J0123-TP-L|7|2
JNE3563|JNE3563-KR-XXXL|7|2
J0177|J0177-KR-XXXL|7|2
JNE3383|JNE3383-KR-XXXL|7|2
MEN5019|MEN5019-KR-XXXL|7|2
JNE3635|JNE3635-KR-S|7|2
JNE2205|JNE2205-KR-467-XXXL|7|2
J0292|J0292-TP-XL|7|2
SET131|SET131-KR-NP-XXXL|7|2
J0202|J0202-TP-XS|7|2
JNE3850|CMB5-JNE3850|7|2
JNE3605|JNE3605-KR-XL|7|2
MEN5032|MEN5032-KR-S|7|2
MEN5032|MEN5032-KR-M|7|2
J0335|J0335-DR-M|7|2
JNE3662|JNE3662-TP-L|7|2
JNE3438|JNE3438-KR-M|7|2
J0201|J0201-TP-XXL|7|2
JNE3522|JNE3522-KR-XL|7|2
J0197|J0197-TP-XL|7|2
SET044|SET044-KR-NP-M|7|2
J0188|J0188-KR-XXXL|7|2
J0152|J0152-DR-XS|7|2
JNE2113|JNE2113-KR-381-M|7|2
JNE3366|JNE3366-KR-1053-XXL|7|2
JNE3605|JNE3605-KR-L|7|2
JNE3516|JNE3516-KR-M|7|2
J0088|J0088-TP-M|7|2
SET210|SET210-KR-PP-XXL|7|2
JNE3635|JNE3635-KR-L|7|2
JNE3449|JNE3449-KR-XXXL|7|2
JNE3373|JNE3373-KR-M|7|2
JNE3348|JNE3348-KR-XXXL|7|2
JNE3563|JNE3563-KR-M|7|2
JNE3415|JNE3415-KR-S|7|2
JNE3640|JNE3640-TP-XL|7|2
JNE2132|JNE2132-KR-398-XXL|7|2
JNE3348|JNE3348-KR-L|7|2
MEN5016|MEN5016-KR-L|7|2
JNE2132|JNE2132-KR-398-XXXL|7|2
MEN5031|MEN5031-KR-XL|7|2
JNE3635|JNE3635-KR-XS|7|2
J0208|J0208-DR-S|7|2
JNE3640|JNE3640-TP-S|7|2
JNE3252|JNE3252-KR-M|7|2
JNE3642|JNE3642-TP-S|7|2
JNE3640|JNE3640-TP-XXL|7|2
J0190|J0190-TP-XL|7|2
SET044|SET044-KR-NP-L|7|2
JNE3464|JNE3464-KR-XXXL|7|2
JNE2251|JNE2251-KR-537-M|7|2
JNE3563|JNE3563-KR-XXL|7|2
JNE3635|JNE3635-KR-XL|7|2
J0166|J0166-DR-XS|7|2
J0138|J0138-KR-XXXL|7|2
JNE3437|JNE3437-KR-M|7|2
MEN5031|MEN5031-KR-XXL|7|2
JNE3674|JNE3674-TU-M|7|2
J0212|J0212-DR-S|7|2
J0209|J0209-DR-S|7|2
J0339|J0339-DR-XS|7|2
J0090|J0090-TP-M|7|2
JNE2113|JNE2113-KR-381-S|7|2
SET236|SET236-KR-PP-XXL|7|2
J0084|J0084-TP-S|7|2
JNE3516|JNE3516-KR-XXXL|7|2
MEN5021|MEN5021-KR-XL|7|2
JNE2307|JNE2307-KR-572-XL|7|2
MEN5019|MEN5019-KR-XL|7|2
JNE2100|JNE2100-KR-144-L|7|2
J0292|J0292-TP-L|7|2
J0154|J0154-DR-XL|7|2
J0335|J0335-DR-XL|7|2
SET044|SET044-KR-NP-S|7|2
MEN5025|MEN5025-KR-XXL|7|2
J0118|J0118-TP-XL|7|2
JNE3252|JNE3252-KR-L|7|2
JNE3252|JNE3252-KR-XXL|7|2
MEN5032|MEN5032-KR-L|7|2
JNE3348|JNE3348-KR-XXL|7|2
SET240|SET240-KR-PP-S|7|2
JNE2205|JNE2205-KR-467-XL|7|2
J0335|J0335-DR-L|7|2
JNE3373|JNE3373-KR-XXXL|7|2
JNE3383|JNE3383-KR-M|7|2
JNE3554|JNE3554-KR-XXL|7|2
SET038|SET038-KR-PP-XS|7|2
JNE3373|JNE3373-KR-XL|7|2
JNE3577|JNE3577-KR-XL|7|2
JNE2307|JNE2307-KR-572-XXL|7|2
JNE3673|JNE3673-TU-XL|7|2
J0178|J0178-TP-M|7|2
JNE2251|JNE2251-KR-537-XL|7|2
JNE3625|JNE3625-DR-L|7|2
SET038|SET038-KR-PP-XXXL|7|2
MEN5014|MEN5014-KR-L|7|2
JNE3373|JNE3373-KR-S|7|2
MEN5010|MEN5010-KR-XXL|7|2
JNE2132|JNE2132-KR-398-M|7|2
J0119|J0119-TP-M|7|2
SET131|SET131-KR-NP-XXL|7|2
JNE3030|JNE3030-KR-M|7|2
J0178|J0178-TP-S|7|2
J0202|J0202-TP-XL|7|2
SET251|SET251-KR-PP-M|7|2
MEN5021|MEN5021-KR-XXL|7|2
JNE3437|JNE3437-KR-L|7|2
JNE3516|JNE3516-KR-L|7|2
SET210|SET210-KR-PP-S|7|2
JNE3449|JNE3449-KR-L|7|2
JNE3030|JNE3030-KR-S|7|2
J0197|J0197-TP-XS|7|2
JNE3639|JNE3639-TP-XXL|7|2
J0202|J0202-TP-XXL|7|2
JNE3683|JNE3683-TU-XL|7|2
JNE3522|JNE3522-KR-S|7|2
J0152|J0152-DR-L|7|2
JNE3252|JNE3252-KR-XL|7|2
JNE3449|JNE3449-KR-S|7|2
JNE3662|JNE3662-TP-M|7|2
SET228|SET228-KR-PP-XL|7|2
JNE3642|JNE3642-TP-M|7|2
J0341|J0341-DR-M|7|2
SET044|SET044-KR-NP-XL|7|2
MEN5032|MEN5032-KR-XXL|7|2
JNE2251|JNE2251-KR-537-XXXL|7|2
SET131|SET131-KR-NP-S|7|2
JNE3698|JNE3698-KR-L|7|2
JNE3628|JNE3628-KR-XXL|7|2
JNE3698|JNE3698-KR-S|7|2
PJNE3363|PJNE3363-KR-4XL|7|2
JNE3788|JNE3788-KR-XL|7|2
JNE3560|JNE3560-KR-XL|7|2
JNE3728|JNE3728-KR-XL|7|2
JNE3384|JNE3384-KR-S|7|2
JNE3698|JNE3698-KR-XXL|7|2
JNE3568|JNE3568-KR-XXXL|7|2
JNE3698|JNE3698-KR-XL|7|2
JNE3561|JNE3561-KR-M|7|2
JNE3546|JNE3546-KR-XXXL|7|2
JNE3628|JNE3628-KR-M|7|2
J0293|J0293-DR-XS|7|2
JNE2014|JNE2014-KR-178-XXXL|7|2
JNE3546|JNE3546-KR-L|7|2
JNE3489|JNE3489-KR-M|7|2
JNE3560|JNE3560-KR-L|7|2
JNE3728|JNE3728-KR-XXL|7|2
JNE3556|JNE3556-KR-M|7|2
JNE3435|JNE3435-KR-XL|7|2
JNE3750|JNE3750-KR-XXXL|7|2
JNE3535|JNE3535-KR-L|7|2
JNE3489|JNE3489-KR-XXL|7|2
JNE3566|JNE3566-KR-XXL|7|2
JNE2014|JNE2014-KR-178-XXL|7|2
JNE3568|JNE3568-KR-M|7|2
JNE2009|JNE2009-KR-310-S|7|2
JNE3547|JNE3547-KR-XXXL|7|2
JNE2009|JNE2009-KR-310-XXL|7|2
JNE2014|JNE2014-KR-178-S|7|2
JNE3535|JNE3535-KR-XL|7|2
JNE3728|JNE3728-KR-S|7|2
JNE3568|JNE3568-KR-XXL|7|2
JNE3564|JNE3564-KR-XL|7|2
JNE3788|JNE3788-KR-XS|7|2
JNE3384|JNE3384-KR-L|7|2
JNE3697|JNE3697-KR-L|7|2
JNE3566|JNE3566-KR-L|7|2
JNE3555|JNE3555-KR-L|7|2
JNE3612|JNE3612-KR-S|7|2
JNE3751|JNE3751-KR-XL|7|2
JNE3489|JNE3489-KR-L|7|2
JNE3566|JNE3566-KR-XL|7|2
JNE3612|JNE3612-KR-XXXL|7|2
JNE3384|JNE3384-KR-M|7|2
JNE3405|JNE3405-KR-XXL|7|2
JNE3564|JNE3564-KR-XXL|7|2
JNE3561|JNE3561-KR-XL|7|2
JNE3555|JNE3555-KR-XL|7|2
JNE3547|JNE3547-KR-XXL|7|2
JNE2009|JNE2009-KR-310-M|7|2
JNE3697|JNE3697-KR-XXL|7|2
JNE3728|JNE3728-KR-L|7|2
JNE3555|JNE3555-KR-XXL|7|2
JNE3535|JNE3535-KR-S|7|2
JNE3435|JNE3435-KR-L|7|2
JNE3556|JNE3556-KR-XXL|7|2
JNE3384|JNE3384-KR-XXXL|7|2
JNE2014|JNE2014-KR-178-M|7|2
JNE3546|JNE3546-KR-S|7|2
JNE3628|JNE3628-KR-L|7|2
JNE3535|JNE3535-KR-M|7|2
JNE3750|JNE3750-KR-L|7|2
JNE3489|JNE3489-KR-XXXL|7|2
JNE3489|JNE3489-KR-S|7|2
JNE3440|JNE3440-KR-XXXL|7|2
JNE3568|JNE3568-KR-S|7|2
JNE3561|JNE3561-KR-XXXL|7|2
JNE3628|JNE3628-KR-XL|7|2
JNE3567|JNE3567-KR-M|7|2
JNE3612|JNE3612-KR-XL|7|2
JNE3697|JNE3697-KR-M|7|2
JNE3546|JNE3546-KR-XL|7|2
JNE3556|JNE3556-KR-S|7|2
JNE3547|JNE3547-KR-L|7|2
JNE3698|JNE3698-KR-M|7|2
JNE3489|JNE3489-KR-XL|7|2
JNE3405|JNE3405-KR-M|7|2
JNE2009|JNE2009-KR-310-XL|7|2
JNE3564|JNE3564-KR-L|7|2
JNE3405|JNE3405-KR-XXXL|7|2
JNE3567|JNE3567-KR-XL|7|2
JNE3560|JNE3560-KR-M|7|2
JNE3628|JNE3628-KR-S|7|2
JNE3435|JNE3435-KR-XXXL|7|2
JNE3405|JNE3405-KR-L|7|2
JNE3697|JNE3697-KR-XL|7|2
JNE3546|JNE3546-KR-XXL|7|2
JNE3612|JNE3612-KR-XXL|7|2
SET334|SET334-KR-NP-M|7|2
JNE3556|JNE3556-KR-L|7|2
JNE3384|JNE3384-KR-XL|7|2
JNE3602|JNE3602-KR-L|7|2
JNE3612|JNE3612-KR-M|7|2
JNE2014|JNE2014-KR-178-XL|7|2
JNE3548|JNE3548-KR-XXXL|7|2
JNE3561|JNE3561-KR-XXL|7|2
JNE3546|JNE3546-KR-M|7|2
JNE3435|JNE3435-KR-XXL|7|2
JNE3788|JNE3788-KR-S|7|2
JNE3750|JNE3750-KR-XXL|7|2
JNE3628|JNE3628-KR-XXXL|7|2
J0399|J0399-DR-M|7|2
JNE3555|JNE3555-KR-M|7|2
JNE3564|JNE3564-KR-M|7|2
JNE3568|JNE3568-KR-L|7|2
JNE3535|JNE3535-KR-XXXL|7|2
JNE3612|JNE3612-KR-L|7|2
JNE3811|JNE3811-KR-XS|7|2
JNE3405|JNE3405-KR-S|7|2
JNE3566|JNE3566-KR-M|7|2
JNE3384|JNE3384-KR-XXL|7|2
JNE3405|JNE3405-KR-XL|7|2
JNE3567|JNE3567-KR-L|7|2
JNE3561|JNE3561-KR-L|7|2
JNE2014|JNE2014-KR-178-L|7|2
JNE3750|JNE3750-KR-S|7|2
JNE3750|JNE3750-KR-M|7|2
JNE3750|JNE3750-KR-XL|7|2
JNE3751|JNE3751-KR-XXXL|7|2
JNE3561|JNE3561-KR-S|7|2
JNE3751|JNE3751-KR-XXL|7|2
JNE3547|JNE3547-KR-XL|7|2
JNE3568|JNE3568-KR-XL|7|2
JNE3728|JNE3728-KR-M|7|2
JNE3697|JNE3697-KR-S|7|2
JNE3435|JNE3435-KR-S|7|2
JNE3535|JNE3535-KR-XXL|7|2
JNE2009|JNE2009-KR-310-L|7|2
CMB5|CMB5-JNE3829|7|2
CMB5|CMB5-JNE3850|7|2
JNE3831|CMB5-JNE3831|7|3
JNE3858|CMB5-JNE3858|7|3
CMB5|CMB5-JNE3831|7|3
CMB5|CMB5-JNE3858|7|3
JNE3703|JNE3703-KR-L|7|4
JNE3256|JNE3256-KR-XXXL|7|4
JNE3669|JNE3669-TU-M|7|4
JNE3695|JNE3695-KR-L|7|4
MEN5009|MEN5009-KR-S|7|4
BTM038|BTM038-PP-XXL|7|4
JNE3637|JNE3637-KR-XL|7|4
J0176|J0176-TP-XXXL|7|4
JNE3566|JNE3566-KR-S|7|4
JNE3764|JNE3764-KR-XL|7|4
BTM002|BTM002-L|7|4
MEN5027|MEN5027-KR-S|7|4
JNE3396|JNE3396-KR-S|7|4
MEN5025|MEN5025-KR-L|7|4
JNE3539|JNE3539-KR-XXL|7|4
JNE3648|JNE3648-TP-L|7|4
JNE2049|JNE2049-KR-351-S|7|4
JNE3256|JNE3256-KR-M|7|4
MEN5005|MEN5005-KR-M|7|4
MEN5009|MEN5009-KR-XL|7|4
JNE3832|CMB5-JNE3832|7|4
MEN5014|MEN5014-KR-M|7|4
JNE3762|JNE3762-KR-XXXL|7|4
JNE3573|JNE3573-KR-XXL|7|4
MEN5005|MEN5005-KR-XXL|7|4
J0161|J0161-DR-L|7|4
JNE3256|JNE3256-KR-XXL|7|4
MEN5029|MEN5029-KR-L|7|4
BTM002|BTM002-XXXL|7|4
JNE3729|JNE3729-KR-XXXL|7|4
JNE3729|JNE3729-KR-M|7|4
MEN5009|MEN5009-KR-M|7|4
MEN5030|MEN5030-KR-XXL|7|4
JNE3669|JNE3669-TU-L|7|4
JNE3432|JNE3432-KR-S|7|4
JNE3672|JNE3672-TU-L|7|4
SAR045|SAR045|7|4
JNE3669|JNE3669-TU-XL|7|4
JNE3539|JNE3539-KR-L|7|4
JNE3616|JNE3616-KR-XXL|7|4
JNE3729|JNE3729-KR-S|7|4
SAR044|SAR044|7|4
JNE3539|JNE3539-KR-XL|7|4
JNE1951|JNE1951-KR-155-XXXL|7|4
JNE3695|JNE3695-KR-XXL|7|4
J0345|J0345-SET-S|7|4
MEN5026|MEN5026-KR-XXL|7|4
JNE3830|CMB5-JNE3830|7|4
MEN5005|MEN5005-KR-XL|7|4
JNE3668|JNE3668-TP-L|7|4
JNE3573|JNE3573-KR-M|7|4
JNE3721|JNE3721-KR-XXXL|7|4
J0342|J0342-TP-XL|7|4
MEN5007|MEN5007-KR-S|7|4
MEN5003|MEN5003-KR-M|7|4
BTM031|BTM031-NP-XXL|7|4
JNE3573|JNE3573-KR-XL|7|4
JNE3637|JNE3637-KR-M|7|4
MEN5016|MEN5016-KR-XXL|7|4
JNE3636|JNE3636-KR-XL|7|4
JNE3273|JNE3273-KR-S|7|4
JNE3721|JNE3721-KR-XL|7|4
JNE3617|JNE3617-KR-M|7|4
MEN5017|MEN5017-KR-XXL|7|4
J0302|J0302-DR-XXXL|7|4
J0097|J0097-KR-S|7|4
JNE3636|JNE3636-KR-S|7|4
JNE3741|JNE3741-KR-S|7|4
JNE3396|JNE3396-KR-L|7|4
MEN5016|MEN5016-KR-S|7|4
JNE3557|JNE3557-KR-M|7|4
JNE3432|JNE3432-KR-L|7|4
J0161|J0161-DR-M|7|4
JNE3396|JNE3396-KR-M|7|4
SET203|SET203-KR-DPT-M|7|4
MEN5016|MEN5016-KR-M|7|4
SET325|SET325-KR-NP-XL|7|4
SET130|SET130-KR-NP-L|7|4
SET203|SET203-KR-DPT-XL|7|4
SET203|SET203-KR-DPT-XXL|7|4
JNE3651|JNE3651-TP-L|7|4
MEN5004|MEN5004-KR-XXL|7|4
JNE3256|JNE3256-KR-S|7|4
MEN5027|MEN5027-KR-M|7|4
JNE3651|JNE3651-TP-S|7|4
SET246|SET246-KR-PP-XL|7|4
JNE2049|JNE2049-KR-351-L|7|4
JNE3729|JNE3729-KR-XL|7|4
MEN5005|MEN5005-KR-S|7|4
JNE3607|JNE3607-KR-XL|7|4
J0176|J0176-TP-L|7|4
SET130|SET130-KR-NP-XL|7|4
JNE3432|JNE3432-KR-XL|7|4
JNE2100|JNE2100-KR-144-S|7|4
JNE3504|JNE3504-KR-XXXL|7|4
MEN5017|MEN5017-KR-S|7|4
MEN5017|MEN5017-KR-L|7|4
JNE3273|JNE3273-KR-M|7|4
JNE3573|JNE3573-KR-L|7|4
MEN5014|MEN5014-KR-XL|7|4
JNE3670|JNE3670-TU-XL|7|4
MEN5015|MEN5015-KR-XXL|7|4
JNE3256|JNE3256-KR-L|7|4
JNE3440|JNE3440-KR-S|7|4
MEN5003|MEN5003-KR-S|7|4
SET291|SET291-KR-PP-M|7|4
BTM038|BTM038-PP-L|7|4
JNE3396|JNE3396-KR-XL|7|4
J0086|J0086-DR-XL|7|4
JNE3573|JNE3573-KR-S|7|4
JNE3539|JNE3539-KR-XXXL|7|4
JNE3636|JNE3636-KR-XXL|7|4
JNE3160|JNE3160-KR-XL|7|4
JNE3437|JNE3437-KR-XXXL|7|4
MEN5013|MEN5013-KR-S|7|4
JNE3557|JNE3557-KR-XXL|7|4
JNE3391|JNE3391-KR-M|7|4
SET246|SET246-KR-PP-M|7|4
J0090|J0090-TP-XXXL|7|4
JNE3391|JNE3391-KR-L|7|4
JNE3729|JNE3729-KR-XXL|7|4
JNE3669|JNE3669-TU-XXXL|7|4
JNE3708|JNE3708-TU-S|7|4
J0176|J0176-TP-XL|7|4
J0342|J0342-TP-XXXL|7|4
JNE3396|JNE3396-KR-XXL|7|4
MEN5026|MEN5026-KR-L|7|4
JNE3391|JNE3391-KR-XXXL|7|4
SET246|SET246-KR-PP-S|7|4
JNE3668|JNE3668-TP-XXL|7|4
J0097|J0097-KR-M|7|4
JNE3396|JNE3396-KR-XXXL|7|4
J0097|J0097-KR-XS|7|4
JNE3615|JNE3615-KR-XXXL|7|4
MEN5030|MEN5030-KR-L|7|4
JNE3672|JNE3672-TU-XXL|7|4
JNE3762|JNE3762-KR-M|7|4
JNE3708|JNE3708-TU-XXXL|7|4
JNE3620|JNE3620-KR-XXXL|7|4
SET130|SET130-KR-NP-M|7|4
SET130|SET130-KR-NP-S|7|4
JNE3670|JNE3670-TU-XXXL|7|4
JNE3432|JNE3432-KR-XXL|7|4
BTM002|BTM002-XXL|7|4
JNE3741|JNE3741-KR-M|7|4
JNE3607|JNE3607-KR-M|7|4
JNE3547|JNE3547-KR-S|7|4
JNE3391|JNE3391-KR-XXL|7|4
JNE3557|JNE3557-KR-S|7|4
JNE3539|JNE3539-KR-S|7|4
J0086|J0086-DR-M|7|4
JNE3636|JNE3636-KR-L|7|4
JNE3762|JNE3762-KR-XL|7|4
J0086|J0086-DR-L|7|4
JNE3851|CMB5-JNE3851|7|4
JNE3637|JNE3637-KR-L|7|4
JNE3573|JNE3573-KR-XXXL|7|4
BTM003|BTM003-L|7|4
JNE3721|JNE3721-KR-M|7|4
BTM003|BTM003-XL|7|4
J0161|J0161-DR-XL|7|4
JNE3703|JNE3703-KR-XL|7|4
MEN5023|MEN5023-KR-XXL|7|4
SET291|SET291-KR-PP-XL|7|4
JNE3557|JNE3557-KR-XL|7|4
MEN5026|MEN5026-KR-S|7|4
BTM029|BTM029-NP-L|7|4
JNE3660|JNE3660-TP-XXL|7|4
JNE3255|JNE3255-KR-S|7|4
MEN5030|MEN5030-KR-M|7|4
JNE3461|JNE3461-KR-XS|7|4
JNE3633|JNE3633-KR-M|7|4
SET246|SET246-KR-PP-L|7|4
JNE3432|JNE3432-KR-M|7|4
BTM031|BTM031-NP-XXXL|7|4
JNE3713|JNE3713-TP-M|7|4
JNE3636|JNE3636-KR-M|7|4
JNE3701|JNE3701-KR-XXXL|7|4
JNE3620|JNE3620-KR-XL|7|4
JNE3557|JNE3557-KR-L|7|4
JNE3391|JNE3391-KR-XL|7|4
JNE3670|JNE3670-TU-M|7|4
SET130|SET130-KR-NP-XXL|7|4
JNE3637|JNE3637-KR-S|7|4
JNE3670|JNE3670-TU-L|7|4
JNE2049|JNE2049-KR-351-XXL|7|4
JNE3708|JNE3708-TU-XXL|7|4
MEN5004|MEN5004-KR-M|7|4
JNE3617|JNE3617-KR-XL|7|4
J0131|J0131-KR-XXL|7|4
MEN5030|MEN5030-KR-S|7|4
MEN5005|MEN5005-KR-L|7|4
MEN5030|MEN5030-KR-XL|7|4
SET246|SET246-KR-PP-XXL|7|4
BTM048|BTM048-PP-L|7|4
J0176|J0176-TP-M|7|4
JNE3648|JNE3648-TP-M|7|4
JNE3547|JNE3547-KR-M|7|4
JNE3273|JNE3273-KR-L|7|4
BTM039|BTM039-PP-L|7|4
JNE3607|JNE3607-KR-XXXL|7|4
JNE3651|JNE3651-TP-XXL|7|4
JNE3255|JNE3255-KR-M|7|4
JNE3637|JNE3637-KR-XXL|7|4
JNE3273|JNE3273-KR-XXXL|7|4
JNE3160|JNE3160-KR-M|7|4
JNE3703|JNE3703-KR-XXXL|7|4
JNE2049|JNE2049-KR-351-M|7|4
MEN5022|MEN5022-KR-XXL|7|4
MEN5017|MEN5017-KR-M|7|4
JNE3255|JNE3255-KR-L|7|4
JNE3729|JNE3729-KR-L|7|4
MEN5023|MEN5023-KR-S|7|4
SAR043|SAR043|7|4
JNE3654|JNE3654-TP-XXL|7|4
SET291|SET291-KR-PP-XXXL|7|4
JNE3391|JNE3391-KR-S|7|4
SAR046|SAR046|7|4
MEN5009|MEN5009-KR-XXL|7|4
JNE3617|JNE3617-KR-XXXL|7|4
BTM003|BTM003-XXL|7|4
JNE3539|JNE3539-KR-M|7|4
MEN5019|MEN5019-KR-L|7|4
JNE3713|JNE3713-TP-L|7|4
SET199|SET199-KR-NP-XXXL|7|4
JNE3722|JNE3722-KR-L|7|4
SET287|SET287-KR-NP-L|7|4
JNE3560|JNE3560-KR-XS|7|4
SET184|SET184-KR-PP-L|7|4
JNE3722|JNE3722-KR-M|7|4
SET184|SET184-KR-PP-S|7|4
JNE3605|JNE3605-KR-XXXL|7|4
JNE3549|JNE3549-KR-XXL|7|4
SET184|SET184-KR-PP-M|7|4
JNE3722|JNE3722-KR-S|7|4
SET287|SET287-KR-NP-XXL|7|4
SET248|SET248-KR-NP-XL|7|4
SET248|SET248-KR-NP-S|7|4
SET184|SET184-KR-PP-XXL|7|4
JNE3549|JNE3549-KR-XL|7|4
SET248|SET248-KR-NP-M|7|4
SET287|SET287-KR-NP-S|7|4
JNE3549|JNE3549-KR-M|7|4
JNE3549|JNE3549-KR-L|7|4
JNE3767|JNE3767-KR-XS|7|4
SET248|SET248-KR-NP-L|7|4
JNE3549|JNE3549-KR-S|7|4
JNE3722|JNE3722-KR-XXL|7|4
JNE3759|JNE3759-KR-XL|7|4
JNE3605|JNE3605-KR-M|7|4
SET287|SET287-KR-NP-XL|7|4
JNE3759|JNE3759-KR-S|7|4
JNE3722|JNE3722-KR-XL|7|4
SET287|SET287-KR-NP-M|7|4
JNE3759|JNE3759-KR-XXL|7|4
JNE3759|JNE3759-KR-L|7|4
SET184|SET184-KR-PP-XL|7|4
JNE3732|JNE3732-KR-M|7|4
JNE3732|JNE3732-KR-L|7|4
JNE3767|JNE3767-KR-S|7|4
JNE3732|JNE3732-KR-XS|7|4
CMB5|CMB5-JNE3832|7|4
CMB5|CMB5-JNE3851|7|4
CMB5|CMB5-JNE3830|7|4
SET038|SET038-KR-PP-XXL|7|6
JNE2100|JNE2100-KR-144-M|7|6
JNE3725|JNE3725-KR-M|7|6
JNE3725|JNE3725-KR-XXL|7|6
JNE3725|JNE3725-KR-XL|7|6
JNE3556|JNE3556-KR-XL|7|6
JNE3725|JNE3725-KR-L|7|6
JNE3273|JNE3273-KR-XXL|7|6
JNE3555|JNE3555-KR-S.|7|6
JNE3852|CMB5-JNE3852|7|6
JNE3725|JNE3725-KR-S|7|6
JNE3273|JNE3273-KR-XL|7|6
SET038|SET038-KR-PP-S|7|6
JNE3751|JNE3751-KR-S|7|6
JNE3567|JNE3567-KR-XXXL|7|6
JNE3751|JNE3751-KR-M|7|6
JNE3560|JNE3560-KR-S|7|6
JNE3567|JNE3567-KR-S|7|6
J0094|J0094-KR-XL|7|6
JNE3567|JNE3567-KR-XXL|7|6
JNE3435|JNE3435-KR-M|7|6
JNE3440|JNE3440-KR-L|7|6
JNE3560|JNE3560-KR-XXL|7|6
JNE3440|JNE3440-KR-XXL|7|6
JNE3751|JNE3751-KR-L|7|6
JNE3564|JNE3564-KR-S|7|6
CMB5|CMB5-JNE3852|7|6
JNE3826|CMB5-JNE3826|7|7
JNE3855|CMB5-JNE3855|7|7
CMB5|CMB5-JNE3855|7|7
CMB5|CMB5-JNE3826|7|7
JNE3440|JNE3440-KR-XL|7|8
MEN5029|MEN5029-KR-S|7|8
JNE3827|CMB5-JNE3827|7|8
JNE3853|CMB5-JNE3853|7|8
JNE3440|JNE3440-KR-M|7|8
MEN5009|MEN5009-KR-L|7|8
MEN5014|MEN5014-KR-S|7|8
JNE3849|CMB5-JNE3849|7|8
J0094|J0094-KR-L|7|8
CMB5|CMB5-JNE3827|7|8
CMB5|CMB5-JNE3853|7|8
CMB5|CMB5-JNE3849|7|8
JNE3828|CMB5-JNE3828|7|9
JNE3848|CMB5-JNE3848|7|9
CMB5|CMB5-JNE3848|7|9
CMB5|CMB5-JNE3828|7|9
JNE3548|JNE3548-KR-XL|7|10
SET038|SET038-KR-PP-M|7|10
JNE3548|JNE3548-KR-S|7|10
JNE3548|JNE3548-KR-XXL|7|10
SET038|SET038-KR-PP-L|7|10
JNE3560|JNE3560-KR-XXXL|7|10
JNE3548|JNE3548-KR-M|7|14
JNE3548|JNE3548-KR-L|7|14
JNE3635|JNE3635-KR-XL|6|2
MEN5024|MEN5024-KR-XXXL|6|2
MEN5021|MEN5021-KR-S|6|2
BTM002|BTM002-S|6|2
SET266|SET266-KR-NP-S|6|2
JNE3504|JNE3504-KR-M|6|2
JNE3428|JNE3428-KR-XXL|6|2
JNE3371|JNE3371-KR-L|6|2
J0098|J0098-TP-XL|6|2
J0142|J0142-KR-L|6|2
SET131|SET131-KR-NP-XL|6|2
JNE3638|JNE3638-KR-S|6|2
JNE3703|JNE3703-KR-XS|6|2
J0001|J0001-DR-L|6|2
J0142|J0142-KR-XXXL|6|2
JNE3454|JNE3454-KR-M|6|2
BTM002|BTM002-L|6|2
JNE3642|JNE3642-TP-L|6|2
J0131|J0131-KR-XXL|6|2
J0098|J0098-TP-XXXL|6|2
J0199|J0199-SET-XS|6|2
JNE3739|JNE3739-KR-XS|6|2
JNE3619|JNE3619-KR-S|6|2
JNE3642|JNE3642-TP-XS|6|2
JNE3729|JNE3729-KR-M|6|2
JNE3408|JNE3408-KR-M|6|2
SET131|SET131-KR-NP-XXL|6|2
MEN5008|MEN5008-KR-XL|6|2
BTM002|BTM002-XL|6|2
JNE3464|JNE3464-KR-L|6|2
J0123|J0123-TP-XS|6|2
JNE3516|JNE3516-KR-L|6|2
JNE3438|JNE3438-KR-XXL|6|2
JNE2049|JNE2049-KR-351-L|6|2
SET131|SET131-KR-NP-L|6|2
J0035|J0035-KR-L|6|2
JNE3757|JNE3757-KR-XXL|6|2
J0104|J0104-KR-XL|6|2
JNE3756|JNE3756-KR-M|6|2
JNE3364|JNE3364-KR-1051-XL|6|2
JNE3729|JNE3729-KR-S|6|2
JNE2205|JNE2205-KR-467-S|6|2
JNE3679|JNE3679-TU-M|6|2
JNE3255|JNE3255-KR-M|6|2
JNE3432|JNE3432-KR-L|6|2
JNE3729|JNE3729-KR-XXXL|6|2
JNE3619|JNE3619-KR-L|6|2
J0154|J0154-DR-S|6|2
JNE3740|JNE3740-KR-L|6|2
J0199|J0199-SET-M|6|2
JNE3421|JNE3421-KR-XXL|6|2
JNE3721|JNE3721-KR-M|6|2
JNE3638|JNE3638-KR-XXXL|6|2
JNE3573|JNE3573-KR-M|6|2
JNE2270|JNE2270-KR-487-L|6|2
JNE3714|JNE3714-KR-L|6|2
BL109|BL109-M|6|2
MEN5031|MEN5031-KR-XXXL|6|2
J0154|J0154-DR-L|6|2
JNE2307|JNE2307-KR-572-M|6|2
J0171|J0171-DR-S|6|2
J0178|J0178-TP-S|6|2
MEN5012|MEN5012-KR-L|6|2
MEN5012|MEN5012-KR-XXXL|6|2
JNE3570|JNE3570-KR-S|6|2
JNE3649|JNE3649-TP-L|6|2
SET266|SET266-KR-NP-L|6|2
JNE3480|JNE3480-KR-XXXL|6|2
JNE3710|JNE3710-DR-XS|6|2
JNE2265|JNE2265-KR-501-XL|6|2
JNE3390|JNE3390-KR-XXL|6|2
MEN5026|MEN5026-KR-S|6|2
JNE3371|JNE3371-KR-XXL|6|2
JNE3371|JNE3371-KR-M|6|2
J0173|J0173-DR-XL|6|2
J0173|J0173-DR-XXXL|6|2
JNE3616|JNE3616-KR-XS|6|2
JNE2291|JNE2291-KR-602-XL|6|2
JNE3757|JNE3757-KR-L|6|2
JNE3638|JNE3638-KR-XL|6|2
MEN5014|MEN5014-KR-S|6|2
JNE3474|JNE3474-KR-M|6|2
JNE3740|JNE3740-KR-XXL|6|2
J0173|J0173-DR-M|6|2
JNE3554|JNE3554-KR-XL|6|2
JNE2265|JNE2265-KR-501-S|6|2
MEN5011|MEN5011-KR-XL|6|2
JNE3628|JNE3628-KR-L|6|2
SET231|SET231-KR-PP-S|6|2
MEN5008|MEN5008-KR-M|6|2
J0142|J0142-KR-XS|6|2
J0114|J0114-TP-M|6|2
NW002|NW002-TP-PJ-M|6|2
JNE3717|JNE3717-KR-XXL|6|2
JNE3644|JNE3644-TP-XS|6|2
JNE3555|JNE3555-KR-L|6|2
MEN5011|MEN5011-KR-L|6|2
MEN5021|MEN5021-KR-XXL|6|2
MEN5021|MEN5021-KR-M|6|2
J0033|J0033-KR-S|6|2
JNE3348|JNE3348-KR-S|6|2
SET235|SET235-KR-PP-XXL|6|2
JNE3256|JNE3256-KR-XS|6|2
JNE3454|JNE3454-KR-XL|6|2
JNE3619|JNE3619-KR-XXL|6|2
SET234|SET234-KR-PP-XXL|6|2
JNE3415|JNE3415-KR-S|6|2
JNE3524|JNE3524-KR-XS|6|2
JNE3396|JNE3396-KR-XXXL|6|2
J0098|J0098-TP-XS|6|2
JNE3364|JNE3364-KR-1051-M|6|2
J0114|J0114-TP-XXL|6|2
J0118|J0118-TP-XXL|6|2
JNE3714|JNE3714-KR-XXXL|6|2
MEN5022|MEN5022-KR-L|6|2
JNE3390|JNE3390-KR-XL|6|2
JNE3714|JNE3714-KR-XXL|6|2
JNE2049|JNE2049-KR-351-M|6|2
JNE3464|JNE3464-KR-XXXL|6|2
JNE3454|JNE3454-KR-XXXL|6|2
JNE3717|JNE3717-KR-XL|6|2
JNE3740|JNE3740-KR-XL|6|2
SET234|SET234-KR-PP-M|6|2
JNE2305|JNE2305-KR-533-M|6|2
SET266|SET266-KR-NP-M|6|2
BTM002|BTM002-XXL|6|2
JNE3454|JNE3454-KR-S|6|2
JNE3255|JNE3255-KR-L|6|2
JNE3740|JNE3740-KR-S|6|2
J0307|J0307-TP-XL|6|2
J0196|J0196-TP-XXXL|6|2
SET164|SET164-KR-NP-XL|6|2
MEN5031|MEN5031-KR-M|6|2
SET235|SET235-KR-PP-M|6|2
MEN5022|MEN5022-KR-XXL|6|2
JNE3518|JNE3518-KR-L|6|2
JNE3756|JNE3756-KR-XXXL|6|2
J0199|J0199-SET-S|6|2
SET164|SET164-KR-NP-XS|6|2
JNE3371|JNE3371-KR-XXXL|6|2
JNE3454|JNE3454-KR-L|6|2
JNE3704|JNE3704-KR-L|6|2
JNE3644|JNE3644-TP-S|6|2
J0033|J0033-KR-M|6|2
JNE3464|JNE3464-KR-XL|6|2
J0213|J0213-TP-XL|6|2
J0114|J0114-TP-S|6|2
JNE3415|JNE3415-KR-L|6|2
JNE3288|JNE3288-KR-XXXL|6|2
JNE3576|JNE3576-KR-XXXL|6|2
JNE3721|JNE3721-KR-XXL|6|2
JNE3638|JNE3638-KR-XXL|6|2
J0118|J0118-TP-XXXL|6|2
J0353|J0353-KR-M|6|2
JNE3758|JNE3758-KR-XXXL|6|2
SET241|SET241-KR-PP-L|6|2
J0153|J0153-DR-XS|6|2
JNE3609|JNE3609-KR-M|6|2
MEN5026|MEN5026-KR-XL|6|2
J0353|J0353-KR-XXL|6|2
JNE3721|JNE3721-KR-L|6|2
JNE3757|JNE3757-KR-S|6|2
JNE3613|JNE3613-KR-XS|6|2
JNE3679|JNE3679-TU-L|6|2
JNE3363|JNE3363-KR-1032-XL|6|2
JNE3622|JNE3622-KR-XXXL|6|2
MEN5008|MEN5008-KR-L|6|2
MEN5012|MEN5012-KR-S|6|2
JNE3560|JNE3560-KR-XXXL|6|2
J0098|J0098-TP-L|6|2
JNE3403|JNE3403-KR-M|6|2
MEN5024|MEN5024-KR-XL|6|2
JNE3428|JNE3428-KR-M|6|2
MEN5031|MEN5031-KR-L|6|2
JNE2153|JNE2153-KR-278-L|6|2
JNE3383|JNE3383-KR-M|6|2
JNE3741|JNE3741-KR-M|6|2
JNE3383|JNE3383-KR-L|6|2
BTM002|BTM002-XXXL|6|2
JNE3580|JNE3580-DR-M|6|2
J0154|J0154-DR-M|6|2
SET235|SET235-KR-PP-XL|6|2
JNE3756|JNE3756-KR-XL|6|2
J0188|J0188-KR-L|6|2
MEN5011|MEN5011-KR-XXXL|6|2
SET231|SET231-KR-PP-XXL|6|2
JNE3717|JNE3717-KR-S|6|2
JNE3555|JNE3555-KR-XXL|6|2
JNE3665|JNE3665-TP-XS|6|2
JNE3573|JNE3573-KR-S|6|2
SET164|SET164-KR-NP-XXXL|6|2
SET267|SET267-KR-NP-L|6|2
MEN5030|MEN5030-KR-XXXL|6|2
J0154|J0154-DR-XXXL|6|2
MEN5013|MEN5013-KR-L|6|2
JNE3437|JNE3437-KR-XXXL|6|2
MEN5028|MEN5028-KR-XXXL|6|2
JNE3717|JNE3717-KR-XXXL|6|2
SET260|SET260-KR-PP-L|6|2
JNE3704|JNE3704-KR-XXL|6|2
JNE3703|JNE3703-KR-XXL|6|2
JNE3408|JNE3408-KR-XXXL|6|2
MEN5021|MEN5021-KR-XXXL|6|2
MEN5022|MEN5022-KR-S|6|2
JNE3471|JNE3471-KR-L|6|2
JNE3449|JNE3449-KR-XXXL|6|2
SET234|SET234-KR-PP-XL|6|2
MEN5012|MEN5012-KR-XL|6|2
JNE3717|JNE3717-KR-M|6|2
JNE3740|JNE3740-KR-M|6|2
JNE3504|JNE3504-KR-L|6|2
JNE3504|JNE3504-KR-XXL|6|2
JNE3613|JNE3613-KR-M|6|2
SET164|SET164-KR-NP-XXL|6|2
JNE3621|JNE3621-KR-S|6|2
BL103|BL103-M|6|2
SET260|SET260-KR-PP-XL|6|2
JNE3704|JNE3704-KR-XL|6|2
J0180|J0180-DR-M|6|2
JNE3721|JNE3721-KR-XXXL|6|2
JNE3516|JNE3516-KR-XL|6|2
JNE3721|JNE3721-KR-S|6|2
MEN5021|MEN5021-KR-L|6|2
JNE3612|JNE3612-KR-XS|6|2
JNE3428|JNE3428-KR-XXXL|6|2
MEN5029|MEN5029-KR-XXXL|6|2
JNE3428|JNE3428-KR-XL|6|2
J0353|J0353-KR-S|6|2
JNE3471|JNE3471-KR-S|6|2
J0180|J0180-DR-XXL|6|2
JNE3438|JNE3438-KR-XL|6|2
JNE3364|JNE3364-KR-1051-XXL|6|2
JNE3408|JNE3408-KR-XL|6|2
JNE3679|JNE3679-TU-XL|6|2
MEN5026|MEN5026-KR-XXXL|6|2
JNE3757|JNE3757-KR-XL|6|2
J0177|J0177-KR-XL|6|2
SET164|SET164-KR-NP-S|6|2
JNE3415|JNE3415-KR-XXL|6|2
BL109|BL109-L|6|2
JNE3440|JNE3440-KR-XXL|6|2
JNE3729|JNE3729-KR-XXL|6|2
SET231|SET231-KR-PP-M|6|2
MEN5006|MEN5006-KR-L|6|2
SET231|SET231-KR-PP-XL|6|2
JNE3625|JNE3625-DR-M|6|2
MEN5031|MEN5031-KR-XL|6|2
J0114|J0114-TP-XS|6|2
JNE3635|JNE3635-KR-XS|6|2
JNE3615|JNE3615-KR-XL|6|2
JNE3523|JNE3523-KR-XXXL|6|2
JNE3665|JNE3665-TP-XL|6|2
J0098|J0098-TP-S|6|2
JNE3729|JNE3729-KR-L|6|2
JNE3425|JNE3425-KR-XXL|6|2
JNE2307|JNE2307-KR-572-S|6|2
BL109|BL109-XL|6|2
JNE3437|JNE3437-KR-L|6|2
JNE3373|JNE3373-KR-XXL|6|2
JNE3391|JNE3391-KR-L|6|2
JNE3504|JNE3504-KR-XXXL|6|2
MEN5004|MEN5004-KR-S|6|2
JNE3609|JNE3609-KR-L|6|2
J0177|J0177-KR-XXL|6|2
JNE3467|JNE3467-KR-XL|6|2
JNE3609|JNE3609-KR-XL|6|2
SET131|SET131-KR-NP-M|6|2
JNE2153|JNE2153-KR-278-XL|6|2
MEN5008|MEN5008-KR-XXXL|6|2
MEN5019|MEN5019-KR-XXL|6|2
JNE3474|JNE3474-KR-XL|6|2
MEN5016|MEN5016-KR-XXXL|6|2
JNE3704|JNE3704-KR-M|6|2
MEN5012|MEN5012-KR-M|6|2
MEN5030|MEN5030-KR-XL|6|2
JNE3703|JNE3703-KR-L|6|2
J0036|J0036-TP-XL|6|2
J0178|J0178-TP-L|6|2
J0183|J0183-TP-XS|6|2
JNE3625|JNE3625-DR-XXL|6|2
JNE3371|JNE3371-KR-XL|6|2
J0033|J0033-KR-XXXL|6|2
JNE3729|JNE3729-KR-XL|6|2
J0188|J0188-KR-XS|6|2
MEN5006|MEN5006-KR-XXXL|6|2
JNE3570|JNE3570-KR-XXXL|6|2
MEN5019|MEN5019-KR-L|6|2
J0173|J0173-DR-S|6|2
JNE3742|JNE3742-KR-XL|6|2
J0353|J0353-KR-XL|6|2
JNE3454|JNE3454-KR-XXL|6|2
JNE3373|JNE3373-KR-S|6|2
J0180|J0180-DR-S|6|2
J0171|J0171-DR-XS|6|2
MEN5028|MEN5028-KR-XL|6|2
JNE3415|JNE3415-KR-M|6|2
JNE3619|JNE3619-KR-XS|6|2
JNE3368|JNE3368-KR-XL|6|2
JNE3721|JNE3721-KR-XL|6|2
JNE3757|JNE3757-KR-M|6|2
JNE3516|JNE3516-KR-XXL|6|2
SET260|SET260-KR-PP-XXL|6|2
JNE3704|JNE3704-KR-XXXL|6|2
JNE3454|JNE3454-KR-XS|6|2
MEN5012|MEN5012-KR-XXL|6|2
JNE3390|JNE3390-KR-XXXL|6|2
J0213|J0213-TP-S|6|2
J0104|J0104-KR-L|6|2
JNE3638|JNE3638-KR-M|6|2
J0098|J0098-TP-M|6|2
J0098|J0098-TP-XXL|6|2
J0154|J0154-DR-XXL|6|2
BTM002|BTM002-M|6|2
MEN5007|MEN5007-KR-S|6|2
JNE3757|JNE3757-KR-XXXL|6|2
J0104|J0104-KR-XXXL|6|2
J0353|J0353-KR-L|6|2
MEN5024|MEN5024-KR-L|6|2
JNE3371|JNE3371-KR-S|6|2
JNE3225|JNE3225-KR-M|6|2
J0104|J0104-KR-XXL|6|2
SET131|SET131-KR-NP-S|6|2
J0307|J0307-TP-L|6|2
J0180|J0180-DR-XL|6|2
JNE3703|JNE3703-KR-M|6|2
JNE3421|JNE3421-KR-XL|6|2
SET235|SET235-KR-PP-S|6|2
J0154|J0154-DR-XL|6|2
JNE3428|JNE3428-KR-S|6|2
JNE3671|JNE3671-TU-XS|6|2
MEN5024|MEN5024-KR-S|6|2
MEN5014|MEN5014-KR-M|6|2
JNE3703|JNE3703-KR-XL|6|2
JNE3554|JNE3554-KR-XXL|6|2
SET131|SET131-KR-NP-XS|6|2
SET131|SET131-KR-NP-XXXL|6|2
JNE3570|JNE3570-KR-XL|6|2
SAR110|SAR110-FREE|6|2
JNE3834|JNE3834-KR-L|6|2
JNE3811|JNE3811-KR-S|6|2
JNE3733|JNE3733-KR-L|6|2
JNE3816|JNE3816-KR-L|6|2
JNE3732|JNE3732-KR-L|6|2
JNE3636|JNE3636-KR-XL|6|2
JNE3817|JNE3817-KR-S|6|2
J0037|J0037-KR-XXXL|6|2
JNE3578|JNE3578-KR-XL|6|2
JNE3578|JNE3578-KR-XXL|6|2
JNE3515|JNE3515-KR-M|6|2
JNE3856|JNE3856-KR-S|6|2
JNE3834|JNE3834-KR-S|6|2
JNE3770|JNE3770-KR-XXXL|6|2
JNE3792|JNE3792-KR-XXXL|6|2
JNE3835|JNE3835-KR-XL|6|2
JNE3768|JNE3768-KR-S|6|2
JNE3819|JNE3819-KR-S|6|2
JNE3578|JNE3578-KR-S|6|2
J0037|J0037-KR-XL|6|2
JNE3817|JNE3817-KR-L|6|2
JNE3733|JNE3733-KR-S|6|2
JNE3792|JNE3792-KR-XL|6|2
JNE3817|JNE3817-KR-XL|6|2
MEN5020|MEN5020-KR-S|6|2
JNE3834|JNE3834-KR-XXL|6|2
JNE3819|JNE3819-KR-XS|6|2
JNE3834|JNE3834-KR-XL|6|2
JNE3563|JNE3563-KR-XXL|6|2
JNE3856|JNE3856-KR-L|6|2
J0037|J0037-KR-XXL|6|2
JNE3733|JNE3733-KR-XXXL|6|2
JNE3563|JNE3563-KR-M|6|2
JNE3822|JNE3822-KR-XL|6|2
PJNE3404|PJNE3404-KR-4XL|6|2
SET291|SET291-KR-PP-XXXL|6|2
JNE3792|JNE3792-KR-S|6|2
JNE3636|JNE3636-KR-L|6|2
JNE3834|JNE3834-KR-XXXL|6|2
JNE3294|JNE3294-KR-S|6|2
JNE2291|JNE2291-KR-602-L|6|2
JNE3835|JNE3835-KR-XXXL|6|2
JNE3817|JNE3817-KR-XXXL|6|2
JNE3835|JNE3835-KR-XS|6|2
JNE3767|JNE3767-KR-XL|6|2
JNE3816|JNE3816-KR-M|6|2
JNE3817|JNE3817-KR-XXL|6|2
JNE3806|JNE3806-KR-L|6|2
JNE3671|JNE3671-TU-XL|6|2
SAR108|SAR108-FREE|6|2
JNE3878|JNE3878-KR-S|6|2
JNE3834|JNE3834-KR-M|6|2
JNE3819|JNE3819-KR-XXXL|6|2
J0202|J0202-TP-XS|6|2
JNE3811|JNE3811-KR-XL|6|2
JNE3733|JNE3733-KR-M|6|2
JNE3578|JNE3578-KR-L|6|2
JNE3817|JNE3817-KR-M|6|2
JNE3833|JNE3833-KR-XXL|6|2
JNE3749|JNE3749-KR-L|6|2
JNE3792|JNE3792-KR-XXL|6|2
SAR101|SAR101-FREE|6|2
JNE3751|JNE3751-KR-L|6|2
SAR105|SAR105-FREE|6|2
JNE3819|JNE3819-KR-XXL|6|2
JNE3294|JNE3294-KR-XXXL|6|2
JNE3751|JNE3751-KR-M|6|2
JNE3578|JNE3578-KR-M|6|2
JNE3733|JNE3733-KR-XL|6|2
JNE3733|JNE3733-KR-XXL|6|2
JNE3578|JNE3578-KR-XXXL|6|2
JNE2032|JNE2032-KR-205-M|6|4
JNE3500|JNE3500-KR-L|6|4
J0196|J0196-TP-M|6|4
J0164|J0164-DR-M|6|4
BTM005|BTM005-M|6|4
J0114|J0114-TP-XXXL|6|4
J0153|J0153-DR-XXL|6|4
JNE3771|JNE3771-KR-XS|6|4
J0336|J0336-TP-S|6|4
JNE2291|JNE2291-KR-602-M|6|4
J0178|J0178-TP-XS|6|4
JNE3684|JNE3684-TU-M|6|4
JNE2171|JNE2171-KR-437-XS|6|4
JNE3766|JNE3766-KR-M|6|4
BTM008|BTM008-XXL|6|4
JNE3766|JNE3766-KR-L|6|4
J0154|J0154-DR-XS|6|4
J0171|J0171-DR-L|6|4
JNE3273|JNE3273-KR-XXL|6|4
JNE3791|JNE3791-DR-M|6|4
JNE3432|JNE3432-KR-S|6|4
JNE3759|JNE3759-KR-L|6|4
J0113|J0113-TP-L|6|4
J0142|J0142-KR-M|6|4
JNE3718|JNE3718-KR-S|6|4
J0213|J0213-TP-XXL|6|4
J0184|J0184-KR-XL|6|4
JNE3686|JNE3686-TU-L|6|4
BTM005|BTM005-XS|6|4
MEN5015|MEN5015-KR-XXL|6|4
JNE3524|JNE3524-KR-XXL|6|4
BL110|BL110-S|6|4
J0183|J0183-TP-S|6|4
BL110|BL110-L|6|4
JNE3784|JNE3784-KR-S|6|4
J0113|J0113-TP-M|6|4
SET205|SET205-KR-DPT-XS|6|4
J0202|J0202-TP-L|6|4
JNE3617|JNE3617-KR-XXXL|6|4
BL110|BL110-XL|6|4
JNE3429|JNE3429-KR-XL|6|4
J0171|J0171-DR-XL|6|4
J0113|J0113-TP-S|6|4
JNE3730|JNE3730-KR-S|6|4
BTM021|BTM021-XXL|6|4
JNE3762|JNE3762-KR-XXL|6|4
BTM008|BTM008-XL|6|4
J0139|J0139-KR-XS|6|4
J0113|J0113-TP-XL|6|4
JNE3788|JNE3788-KR-M|6|4
MEN5001|MEN5001-KR-L|6|4
JNE3679|JNE3679-TU-XXXL|6|4
J0114|J0114-TP-L|6|4
JNE3704|JNE3704-KR-S|6|4
JNE3480|JNE3480-KR-XL|6|4
J0165|J0165-TP-XXL|6|4
BTM021|BTM021-S|6|4
JNE3660|JNE3660-TP-XL|6|4
JNE3518|JNE3518-KR-XL|6|4
BTM008|BTM008-L|6|4
JNE3673|JNE3673-TU-S|6|4
J0033|J0033-KR-XXL|6|4
JNE3522|JNE3522-KR-XXXL|6|4
MEN5015|MEN5015-KR-M|6|4
JNE3610|JNE3610-KR-XXXL|6|4
J0174|J0174-TP-L|6|4
MEN5027|MEN5027-KR-M|6|4
JNE3437|JNE3437-KR-XXL|6|4
JNE3771|JNE3771-KR-M|6|4
J0342|J0342-TP-L|6|4
JNE3788|JNE3788-KR-S|6|4
PJNE1906|PJNE1906-KR-5XL|6|4
JNE3778|JNE3778-KR-XL|6|4
J0205|J0205-TP-M|6|4
MEN5018|MEN5018-KR-XXL|6|4
J0195|J0195-TP-XXL|6|4
J0131|J0131-KR-M|6|4
JNE1906|JNE1906-KR-031-XXXL|6|4
JNE1408|JNE1408-GREY-KR-UDF19-XXXL|6|4
JNE2205|JNE2205-KR-467-M|6|4
JNE3425|JNE3425-KR-M|6|4
JNE3767|JNE3767-KR-L|6|4
MEN5004|MEN5004-KR-M|6|4
JNE3638|JNE3638-KR-L|6|4
JNE3686|JNE3686-TU-M|6|4
JNE3784|JNE3784-KR-XL|6|4
JNE3774|JNE3774-KR-XXXL|6|4
JNE3256|JNE3256-KR-XXXL|6|4
J0097|J0097-KR-XS|6|4
JNE3763|JNE3763-KR-XXXL|6|4
JNE3763|JNE3763-KR-XS|6|4
BTM008|BTM008-XXXL|6|4
JNE3510|JNE3510-KR-L|6|4
J0354|J0354-KR-M|6|4
MEN5001|MEN5001-KR-XXL|6|4
JNE3740|JNE3740-KR-XXXL|6|4
MEN5006|MEN5006-KR-M|6|4
BTM005|BTM005-XL|6|4
JNE3784|JNE3784-KR-L|6|4
J0114|J0114-TP-XL|6|4
JNE3789|JNE3789-KR-XXXL|6|4
JNE3662|JNE3662-TP-S|6|4
JNE3449|JNE3449-KR-XXL|6|4
JNE3654|JNE3654-TP-XL|6|4
J0174|J0174-TP-XXXL|6|4
JNE3688|JNE3688-TU-XS|6|4
SET234|SET234-KR-PP-L|6|4
JNE3662|JNE3662-TP-XL|6|4
JNE3464|JNE3464-KR-XXL|6|4
JNE3610|JNE3610-KR-L|6|4
JNE3252|JNE3252-KR-M|6|4
JNE3400|JNE3400-KR-XXXL|6|4
PJNE2199|PJNE2199-KR-4XL|6|4
JNE3273|JNE3273-KR-XL|6|4
J0132|J0132-KR-XXL|6|4
JNE2032|JNE2032-KR-205-XXXL|6|4
MEN5004|MEN5004-KR-XXL|6|4
JNE3504|JNE3504-KR-XL|6|4
JNE3765|JNE3765-KR-XXL|6|4
JNE2305|JNE2305-KR-533-L|6|4
SET351|SET351-KR-NP-XL|6|4
J0336|J0336-TP-XXXL|6|4
J0173|J0173-DR-L|6|4
JNE3783|JNE3783-KR-XS|6|4
JNE2009|JNE2009-KR-310-XXL|6|4
SET203|SET203-KR-DPT-XS|6|4
JNE3610|JNE3610-KR-XXL|6|4
JNE3790|JNE3790-KR-XXL|6|4
JNE3759|JNE3759-KR-XXL|6|4
JNE3784|JNE3784-KR-XS|6|4
PJNE2199|PJNE2199-KR-6XL|6|4
JNE3368|JNE3368-KR-M|6|4
MEN5015|MEN5015-KR-XXXL|6|4
JNE3261|JNE3261-KR-S|6|4
J0165|J0165-TP-L|6|4
MEN5013|MEN5013-KR-S|6|4
SET285|SET285-KR-SHA-XXL|6|4
MEN5022|MEN5022-KR-M|6|4
JNE3273|JNE3273-KR-M|6|4
J0153|J0153-DR-S|6|4
JNE3261|JNE3261-KR-XXL|6|4
JNE3273|JNE3273-KR-L|6|4
J0132|J0132-KR-XXXL|6|4
JNE3767|JNE3767-KR-XS|6|4
MEN5027|MEN5027-KR-XXXL|6|4
SET231|SET231-KR-PP-L|6|4
MEN5018|MEN5018-KR-S|6|4
JNE3783|JNE3783-KR-XXL|6|4
JNE3671|JNE3671-TU-XXXL|6|4
MEN5001|MEN5001-KR-XL|6|4
J0096|J0096-KR-XS|6|4
J0177|J0177-KR-L|6|4
JNE3703|JNE3703-KR-XXXL|6|4
J0115|J0115-TP-L|6|4
SET184|SET184-KR-PP-XS|6|4
JNE3376|JNE3376-KR-XXXL|6|4
J0354|J0354-KR-XXL|6|4
JNE3614|JNE3614-KR-XXL|6|4
JNE3437|JNE3437-KR-S|6|4
JNE3684|JNE3684-TU-XL|6|4
SET351|SET351-KR-NP-XXXL|6|4
JNE3744|JNE3744-TU-XS|6|4
JNE2032|JNE2032-KR-205-XXL|6|4
PJNE3399|PJNE3399-KR-5XL|6|4
PJNE3421|PJNE3421-KR-4XL|6|4
JNE3769|JNE3769-KR-XXXL|6|4
JNE3510|JNE3510-KR-XL|6|4
JNE3252|JNE3252-KR-XXXL|6|4
JNE3768|JNE3768-KR-XXL|6|4
JNE3255|JNE3255-KR-S|6|4
J0195|J0195-TP-S|6|4
JNE3762|JNE3762-KR-XXXL|6|4
JNE3774|JNE3774-KR-M|6|4
J0205|J0205-TP-L|6|4
SET267|SET267-KR-NP-S|6|4
J0205|J0205-TP-XXL|6|4
MEN5024|MEN5024-KR-M|6|4
MEN5001|MEN5001-KR-S|6|4
J0203|J0203-TP-XXL|6|4
SET184|SET184-KR-PP-S|6|4
J0188|J0188-KR-XXL|6|4
JNE3795|JNE3795-KR-XXXL|6|4
JNE3474|JNE3474-KR-L|6|4
J0303|J0303-KR-M|6|4
JNE3252|JNE3252-KR-XXL|6|4
MEN5029|MEN5029-KR-L|6|4
JNE3610|JNE3610-KR-XL|6|4
JNE3617|JNE3617-KR-XXL|6|4
JNE3573|JNE3573-KR-L|6|4
JNE3654|JNE3654-TP-L|6|4
JNE2032|JNE2032-KR-205-XL|6|4
JNE3764|JNE3764-KR-XXXL|6|4
MEN5003|MEN5003-KR-XXXL|6|4
MEN5021|MEN5021-KR-XL|6|4
JNE3864|JNE3864-TU-L|6|4
JNE2307|JNE2307-KR-572-XL|6|4
JNE3273|JNE3273-KR-XS|6|4
SET203|SET203-KR-DPT-XXL|6|4
J0354|J0354-KR-XL|6|4
JNE3617|JNE3617-KR-S|6|4
J0113|J0113-TP-XXXL|6|4
JNE3611|JNE3611-KR-XXXL|6|4
JNE3391|JNE3391-KR-XS|6|4
MEN5005|MEN5005-KR-S|6|4
NW006|NW006-ST-SR-XL|6|4
JNE3636|JNE3636-KR-M|6|4
JNE3408|JNE3408-KR-L|6|4
BTM005|BTM005-L|6|4
MEN5015|MEN5015-KR-S|6|4
JNE3474|JNE3474-KR-L.|6|4
BL110|BL110-XS|6|4
J0024|J0024-KR-XS|6|4
J0157|J0157-DR-L|6|4
JNE3774|JNE3774-KR-L|6|4
J0165|J0165-TP-XL|6|4
J0176|J0176-TP-M|6|4
J0153|J0153-DR-XXXL|6|4
NW029|NW029-ST-SR-S|6|4
J0354|J0354-KR-S|6|4
JNE3767|JNE3767-KR-M|6|4
J0136|J0136-KR-XXL|6|4
BTM021|BTM021-M|6|4
JNE3762|JNE3762-KR-S|6|4
JNE3399|JNE3399-KR-XXXL|6|4
JNE2009|JNE2009-KR-310-L|6|4
JNE3686|JNE3686-TU-XXXL|6|4
JNE3771|JNE3771-KR-XXL|6|4
MEN5027|MEN5027-KR-S|6|4
MEN5005|MEN5005-KR-XXL|6|4
BL110|BL110-M|6|4
BTM021|BTM021-XXXL|6|4
JNE3714|JNE3714-KR-S|6|4
J0165|J0165-TP-M|6|4
JNE2171|JNE2171-KR-437-XXXL|6|4
J0177|J0177-KR-XXXL|6|4
JNE3673|JNE3673-TU-XS|6|4
SET351|SET351-KR-NP-S|6|4
JNE3523|JNE3523-KR-XS|6|4
SET351|SET351-KR-NP-M|6|4
JNE3864|JNE3864-TU-S|6|4
J0115|J0115-TP-XXL|6|4
MEN5003|MEN5003-KR-S|6|4
JNE3756|JNE3756-KR-L|6|4
JNE3573|JNE3573-KR-XS|6|4
J0171|J0171-DR-M|6|4
JNE3294|JNE3294-KR-L|6|4
SET203|SET203-KR-DPT-XXXL|6|4
J0119|J0119-TP-S|6|4
JNE3864|JNE3864-TU-XXXL|6|4
JNE3728|JNE3728-KR-M|6|4
BTM008|BTM008-XS|6|4
BTM021|BTM021-XS|6|4
JNE2032|JNE2032-KR-205-L|6|4
J0119|J0119-TP-XS|6|4
J0195|J0195-TP-M|6|4
J0131|J0131-KR-XS|6|4
JNE3784|JNE3784-KR-M|6|4
JNE3771|JNE3771-KR-XXXL|6|4
JNE3638|JNE3638-KR-XS|6|4
J0183|J0183-TP-XXXL|6|4
JNE3684|JNE3684-TU-XXXL|6|4
JNE3759|JNE3759-KR-S|6|4
J0205|J0205-TP-XL|6|4
BTM005|BTM005-XXL|6|4
J0171|J0171-DR-XXXL|6|4
JNE2100|JNE2100-KR-144-XL|6|4
JNE2100|JNE2100-KR-144-XXXL|6|4
JNE3725|JNE3725-KR-XXL|6|4
JNE2251|JNE2251-KR-537-M|6|4
MEN5014|MEN5014-KR-XXXL|6|4
JNE3261|JNE3261-KR-XXXL|6|4
JNE3522|JNE3522-KR-S|6|4
JNE3635|JNE3635-KR-XXXL|6|4
J0184|J0184-KR-L|6|4
BTM005|BTM005-S|6|4
J0197|J0197-TP-XS|6|4
SET235|SET235-KR-PP-L|6|4
J0303|J0303-KR-L|6|4
JNE3522|JNE3522-KR-XS|6|4
JNE3273|JNE3273-KR-S|6|4
JNE3771|JNE3771-KR-L|6|4
JNE3437|JNE3437-KR-M|6|4
JNE3399|JNE3399-KR-S|6|4
JNE2049|JNE2049-KR-351-XXXL|6|4
NW006|NW006-ST-SR-M|6|4
J0176|J0176-TP-XXXL|6|4
MEN5006|MEN5006-KR-XL|6|4
JNE3769|JNE3769-KR-M|6|4
JNE3674|JNE3674-TU-XS|6|4
JNE3738|JNE3738-KR-S|6|4
BTM021|BTM021-XL|6|4
SAR050|SAR050|6|4
JNE3428|JNE3428-KR-L|6|4
SAR049|SAR049|6|4
JNE3425|JNE3425-KR-XXXL|6|4
PJNE2199|PJNE2199-KR-5XL|6|4
JNE3729|JNE3729-KR-XS|6|4
J0132|J0132-KR-S|6|4
JNE3255|JNE3255-KR-XXXL|6|4
J0153|J0153-DR-L|6|4
JNE3771|JNE3771-KR-XL|6|4
J0174|J0174-TP-XL|6|4
J0119|J0119-TP-XXXL|6|4
JNE3864|JNE3864-TU-XS|6|4
JNE3612|JNE3612-KR-XXXL|6|4
J0136|J0136-KR-XS|6|4
J0202|J0202-TP-XXL|6|4
JNE3612|JNE3612-KR-XXL|6|4
JNE3539|JNE3539-KR-XS|6|4
PJNE3421|PJNE3421-KR-5XL|6|4
BTM008|BTM008-S|6|4
J0195|J0195-TP-XL|6|4
JNE3429|JNE3429-KR-L|6|4
J0195|J0195-TP-L|6|4
J0142|J0142-KR-XL|6|4
JNE3437|JNE3437-KR-XL|6|4
JNE3769|JNE3769-KR-L|6|4
BTM005|BTM005-XXXL|6|4
JNE3255|JNE3255-KR-XXL|6|4
SET261|SET261-KR-PP-S|6|4
PJNE2014|PJNE2014-KR-5XL|6|4
JNE3654|JNE3654-TP-XXL|6|4
JNE3294|JNE3294-KR-XL|6|4
JNE3769|JNE3769-KR-XL|6|4
BTM021|BTM021-L|6|4
J0176|J0176-TP-L|6|4
JNE3761|JNE3761-KR-XXL|6|4
BTM008|BTM008-M|6|4
J0096|J0096-KR-S|6|4
J0119|J0119-TP-M|6|4
J0142|J0142-KR-XXL|6|4
MEN5024|MEN5024-KR-XXL|6|4
JNE3617|JNE3617-KR-M|6|4
PJNE3404|PJNE3404-KR-6XL|6|4
JNE3615|JNE3615-KR-XXL|6|4
JNE3710|JNE3710-DR-XXXL|6|4
MEN5022|MEN5022-KR-XXXL|6|4
JNE3617|JNE3617-KR-XL|6|4
J0173|J0173-DR-XXL|6|4
SET203|SET203-KR-DPT-XL|6|4
JNE1951|JNE1951-KR-155-XL|6|4
JNE3654|JNE3654-TP-M|6|4
J0115|J0115-TP-XXXL|6|4
JNE3686|JNE3686-TU-S|6|4
JNE2291|JNE2291-KR-602-XXXL|6|4
MEN5013|MEN5013-KR-XXXL|6|4
JNE3383|JNE3383-KR-XXXL|6|4
MEN5020|MEN5020-KR-XXXL|6|4
JNE2153|JNE2153-KR-278-XS|6|4
JNE3788|JNE3788-KR-XXL|6|4
JNE2171|JNE2171-KR-437-XXL|6|4
JNE3449|JNE3449-KR-XL|6|4
J0183|J0183-TP-XL|6|4
PJNE3399|PJNE3399-KR-4XL|6|4
JNE3769|JNE3769-KR-S|6|4
JNE3783|JNE3783-KR-L|6|4
JNE3864|JNE3864-TU-M|6|4
J0195|J0195-TP-XXXL|6|4
JNE2266|JNE2266-KR-490-S|6|4
JNE3429|JNE3429-KR-S|6|4
JNE3617|JNE3617-KR-L|6|4
JNE3714|JNE3714-KR-XS|6|4
J0293|J0293-DR-M|6|4
J0195|J0195-TP-XS|6|4
NW006|NW006-ST-SR-L|6|4
J0142|J0142-KR-S|6|4
MEN5020|MEN5020-KR-M|6|4
JNE3714|JNE3714-KR-XL|6|4
J0165|J0165-TP-S|6|4
JNE3399|JNE3399-KR-XL|6|4
JNE2100|JNE2100-KR-144-L|6|4
J0354|J0354-KR-L|6|4
J0198|J0198-TP-XS|6|4
JNE2171|JNE2171-KR-437-M|6|4
JNE3710|JNE3710-DR-XXL|6|4
JNE3613|JNE3613-KR-L|6|4
PJNE2014|PJNE2014-KR-6XL|6|4
JNE3790|JNE3790-KR-XXXL|6|4
JNE3811|JNE3811-KR-L|6|4
JNE3835|JNE3835-KR-XXL|6|4
JNE3366|JNE3366-KR-1053-L|6|4
JNE3732|JNE3732-KR-XXL|6|4
JNE3760|JNE3760-KR-XXL|6|4
JNE3405|JNE3405-KR-L|6|4
JNE3400|JNE3400-KR-L|6|4
JNE3366|JNE3366-KR-1053-XL|6|4
JNE3760|JNE3760-KR-XXXL|6|4
SAR103|SAR103-FREE|6|4
JNE3376|JNE3376-KR-S|6|4
JNE3440|JNE3440-KR-S|6|4
JNE3734|JNE3734-KR-XXL|6|4
JNE3779|JNE3779-KR-XL|6|4
JNE3835|JNE3835-KR-M|6|4
JNE3535|JNE3535-KR-L|6|4
JNE3835|JNE3835-KR-S|6|4
JNE3760|JNE3760-KR-XL|6|4
JNE3760|JNE3760-KR-S|6|4
JNE3405|JNE3405-KR-S|6|4
JNE3732|JNE3732-KR-XL|6|4
J0217|J0217-BL-XXL|6|4
JNE3760|JNE3760-KR-M|6|4
JNE3779|JNE3779-KR-XXL|6|4
JNE3819|JNE3819-KR-XL|6|4
JNE3535|JNE3535-KR-XL|6|4
JNE3400|JNE3400-KR-S|6|4
JNE3535|JNE3535-KR-M|6|4
JNE3734|JNE3734-KR-XL|6|4
JNE3535|JNE3535-KR-S|6|4
JNE3819|JNE3819-KR-M|6|4
SAR102|SAR102-FREE|6|4
JNE3722|JNE3722-KR-XS|6|4
SET285|SET285-KR-SHA-XS|6|4
JNE3760|JNE3760-KR-L|6|4
JNE3366|JNE3366-KR-1053-XXL|6|4
JNE3405|JNE3405-KR-M|6|4
JNE3819|JNE3819-KR-L|6|4
MEN5007|MEN5007-KR-XXXL|6|6
JNE3065|JNE3065-KR-XXL|6|6
JNE3449|JNE3449-KR-S|6|6
JNE3664|JNE3664-TP-XS|6|6
JNE2307|JNE2307-KR-572-L|6|6
J0033|J0033-KR-XL|6|6
JNE3614|JNE3614-KR-L|6|6
MEN5010|MEN5010-KR-L|6|6
JNE3576|JNE3576-KR-L|6|6
JNE3383|JNE3383-KR-S|6|6
MEN5028|MEN5028-KR-L|6|6
JNE3576|JNE3576-KR-S|6|6
JNE3576|JNE3576-KR-XL|6|6
SET261|SET261-KR-PP-M|6|6
MEN5029|MEN5029-KR-S|6|6
JNE3348|JNE3348-KR-XL|6|6
J0033|J0033-KR-L|6|6
JNE2305|JNE2305-KR-533-XL|6|6
JNE3710|JNE3710-DR-XL|6|6
JNE3792|JNE3792-KR-M|6|6
JNE3792|JNE3792-KR-L|6|6
JNE3662|JNE3662-TP-M|6|6
JNE3396|JNE3396-KR-XS|6|6
JNE3396|JNE3396-KR-M|6|6
JNE3725|JNE3725-KR-M|6|6
JNE3619|JNE3619-KR-XXXL|6|6
MEN5015|MEN5015-KR-L|6|6
J0197|J0197-TP-XXL|6|6
JNE3523|JNE3523-KR-XXL|6|6
JNE3524|JNE3524-KR-XL|6|6
JNE3741|JNE3741-KR-XXXL|6|6
J0176|J0176-TP-XL|6|6
SET203|SET203-KR-DPT-L|6|6
JNE3408|JNE3408-KR-XXL|6|6
J0139|J0139-KR-S|6|6
MEN5020|MEN5020-KR-XL|6|6
J0176|J0176-TP-XXL|6|6
MEN5001|MEN5001-KR-XXXL|6|6
JNE3383|JNE3383-KR-XXL|6|6
JNE3758|JNE3758-KR-XXL|6|6
MEN5030|MEN5030-KR-L|6|6
J0213|J0213-TP-L|6|6
MEN5003|MEN5003-KR-XL|6|6
J0024|J0024-KR-XXXL|6|6
MEN5010|MEN5010-KR-S|6|6
JNE3373|JNE3373-KR-M|6|6
MEN5014|MEN5014-KR-XXL|6|6
JNE2049|JNE2049-KR-351-XXL|6|6
JNE3758|JNE3758-KR-L|6|6
SET184|SET184-KR-PP-XXXL|6|6
JNE3613|JNE3613-KR-XXL|6|6
MEN5011|MEN5011-KR-M|6|6
J0213|J0213-TP-M|6|6
J0196|J0196-TP-XS|6|6
JNE3662|JNE3662-TP-L|6|6
J0119|J0119-TP-XL|6|6
JNE2049|JNE2049-KR-351-XL|6|6
JNE3741|JNE3741-KR-L|6|6
JNE3399|JNE3399-KR-L|6|6
JNE3523|JNE3523-KR-S|6|6
JNE3396|JNE3396-KR-XXL|6|6
MEN5019|MEN5019-KR-S|6|6
MEN5005|MEN5005-KR-L|6|6
J0119|J0119-TP-XXL|6|6
J0196|J0196-TP-S|6|6
JNE3620|JNE3620-KR-XXXL|6|6
J0157|J0157-DR-S|6|6
JNE2171|JNE2171-KR-437-S|6|6
SET184|SET184-KR-PP-XL|6|6
MEN5013|MEN5013-KR-M|6|6
MEN5006|MEN5006-KR-S|6|6
JNE3619|JNE3619-KR-M|6|6
MEN5026|MEN5026-KR-M|6|6
J0183|J0183-TP-XXL|6|6
SET184|SET184-KR-PP-L|6|6
MEN5014|MEN5014-KR-L|6|6
JNE2265|JNE2265-KR-501-L|6|6
JNE3739|JNE3739-KR-XXXL|6|6
JNE3703|JNE3703-KR-S|6|6
JNE3822|JNE3822-KR-L|6|6
JNE3619|JNE3619-KR-XL|6|6
J0139|J0139-KR-XL|6|6
JNE3348|JNE3348-KR-M|6|6
MEN5018|MEN5018-KR-L|6|6
MEN5007|MEN5007-KR-XXL|6|6
JNE3669|JNE3669-TU-XS|6|6
JNE3741|JNE3741-KR-XXL|6|6
JNE3756|JNE3756-KR-S|6|6
J0174|J0174-TP-M|6|6
JNE3399|JNE3399-KR-M|6|6
JNE3728|JNE3728-KR-XL|6|6
JNE3294|JNE3294-KR-M|6|6
JNE2251|JNE2251-KR-537-L|6|6
JNE3742|JNE3742-KR-L|6|6
JNE3256|JNE3256-KR-S|6|6
SET203|SET203-KR-DPT-S|6|6
JNE3738|JNE3738-KR-XXL|6|6
JNE3671|JNE3671-TU-XXL|6|6
SET234|SET234-KR-PP-S|6|6
JNE3725|JNE3725-KR-S|6|6
JNE3613|JNE3613-KR-XXXL|6|6
JNE3758|JNE3758-KR-XL|6|6
JNE3576|JNE3576-KR-XXL|6|6
J0183|J0183-TP-M|6|6
MEN5029|MEN5029-KR-XXL|6|6
JNE3758|JNE3758-KR-M|6|6
JNE3673|JNE3673-TU-L|6|6
J0197|J0197-TP-XL|6|6
JNE3718|JNE3718-KR-M|6|6
JNE3686|JNE3686-TU-XL|6|6
JNE3664|JNE3664-TP-L|6|6
SET203|SET203-KR-DPT-M|6|6
JNE3373|JNE3373-KR-L|6|6
JNE3294|JNE3294-KR-XXL|6|6
MEN5016|MEN5016-KR-XXL|6|6
JNE3728|JNE3728-KR-L|6|6
JNE3670|JNE3670-TU-L|6|6
JNE2153|JNE2153-KR-278-M|6|6
JNE3664|JNE3664-TP-M|6|6
JNE3664|JNE3664-TP-XXL|6|6
JNE3576|JNE3576-KR-M|6|6
MEN5014|MEN5014-KR-XL|6|6
JNE3718|JNE3718-KR-XL|6|6
JNE3669|JNE3669-TU-XXL|6|6
JNE3725|JNE3725-KR-XL|6|6
JNE3504|JNE3504-KR-S|6|6
SET184|SET184-KR-PP-M|6|6
JNE3762|JNE3762-KR-L|6|6
JNE2265|JNE2265-KR-501-XXL|6|6
MEN5026|MEN5026-KR-XXL|6|6
JNE3635|JNE3635-KR-L|6|6
JNE3714|JNE3714-KR-M|6|6
MEN5020|MEN5020-KR-XXL|6|6
JNE3613|JNE3613-KR-XL|6|6
JNE2265|JNE2265-KR-501-M|6|6
JNE3739|JNE3739-KR-M|6|6
JNE3518|JNE3518-KR-M|6|6
JNE3373|JNE3373-KR-XS|6|6
JNE3383|JNE3383-KR-XL|6|6
MEN5026|MEN5026-KR-L|6|6
JNE3736|JNE3736-KR-L|6|6
JNE3736|JNE3736-KR-XL|6|6
SET285|SET285-KR-SHA-XL|6|6
SET246|SET246-KR-PP-L|6|6
SET285|SET285-KR-SHA-M|6|6
SET246|SET246-KR-PP-S|6|6
PJNE3364|PJNE3364-KR-5XL|6|6
J0086|J0086-DR-XL|6|6
JNE3562|JNE3562-KR-M|6|6
SET246|SET246-KR-PP-M|6|6
SET204|SET204-KR-DPT-M|6|6
J0086|J0086-DR-XS|6|6
SET204|SET204-KR-DPT-XL|6|6
JNE3736|JNE3736-KR-M|6|6
JNE3563|JNE3563-KR-XL|6|6
SET246|SET246-KR-PP-XL|6|6
PJNE3364|PJNE3364-KR-4XL|6|6
JNE3780|JNE3780-KR-XL|6|6
JNE3775|JNE3775-KR-S|6|6
JNE3736|JNE3736-KR-S|6|6
JNE3775|JNE3775-KR-XL|6|6
SET287|SET287-KR-NP-L|6|6
PJNE3364|PJNE3364-KR-6XL|6|6
JNE3775|JNE3775-KR-M|6|6
J0086|J0086-DR-XXL|6|6
PJNE3439|PJNE3439-KR-4XL|6|8
SET351|SET351-KR-NP-XXL|6|8
J0205|J0205-TP-XXXL|6|8
JNE2100|JNE2100-KR-144-XXL|6|8
JNE3612|JNE3612-KR-XL|6|8
JNE3376|JNE3376-KR-XL|6|8
JNE3771|JNE3771-KR-S|6|8
MEN5027|MEN5027-KR-L|6|8
J0136|J0136-KR-L|6|8
JNE3782|JNE3782-KR-L|6|8
MEN5007|MEN5007-KR-XL|6|8
MEN5002|MEN5002-KR-L|6|8
JNE3400|JNE3400-KR-XL|6|8
JNE3256|JNE3256-KR-M|6|8
J0203|J0203-TP-M|6|8
J0024|J0024-KR-XXL|6|8
JNE2170|JNE2170-KR-436-XXXL|6|8
JNE3863|JNE3863-TU-XXXL|6|8
JNE3718|JNE3718-KR-XXXL|6|8
J0097|J0097-KR-XXL|6|8
JNE3614|JNE3614-KR-M|6|8
MEN5015|MEN5015-KR-XL|6|8
PJNE3445|PJNE3445-KR-6XL|6|8
J0171|J0171-DR-XXL|6|8
JNE3717|JNE3717-KR-L|6|8
SET291|SET291-KR-PP-L|6|8
JNE3376|JNE3376-KR-M|6|8
J0097|J0097-KR-XL|6|8
JNE3672|JNE3672-TU-XS|6|8
JNE3691|JNE3691-TU-S|6|8
J0136|J0136-KR-XL|6|8
MEN5016|MEN5016-KR-L|6|8
J0096|J0096-KR-XXXL|6|8
JNE3261|JNE3261-KR-L|6|8
JNE2170|JNE2170-KR-436-S|6|8
J0157|J0157-DR-M|6|8
JNE3615|JNE3615-KR-L|6|8
J0198|J0198-TP-XL|6|8
PJNE3439|PJNE3439-KR-6XL|6|8
PJNE1906|PJNE1906-KR-4XL|6|8
JNE3611|JNE3611-KR-XXL|6|8
JNE3376|JNE3376-KR-L|6|8
JNE3725|JNE3725-KR-L|6|8
JNE3863|JNE3863-TU-XS|6|8
J0139|J0139-KR-XXL|6|8
JNE3864|JNE3864-TU-XXL|6|8
JNE3518|JNE3518-KR-XXXL|6|8
J0097|J0097-KR-XXXL|6|8
JNE3739|JNE3739-KR-XXL|6|8
JNE3762|JNE3762-KR-M|6|8
MEN5007|MEN5007-KR-L|6|8
MEN5010|MEN5010-KR-XL|6|8
JNE2205|JNE2205-KR-467-XXL|6|8
JNE3764|JNE3764-KR-S|6|8
JNE3758|JNE3758-KR-S|6|8
JNE3774|JNE3774-KR-XL|6|8
JNE3614|JNE3614-KR-XXXL|6|8
JNE3449|JNE3449-KR-M|6|8
NW006|NW006-ST-SR-S|6|8
JNE3762|JNE3762-KR-XL|6|8
PJNE3423|PJNE3423-KR-6XL|6|8
JNE3764|JNE3764-KR-XXL|6|8
MEN5016|MEN5016-KR-XL|6|8
JNE3518|JNE3518-KR-S|6|8
J0096|J0096-KR-XL|6|8
JNE3673|JNE3673-TU-XXXL|6|8
PJNE3439|PJNE3439-KR-5XL|6|8
JNE3664|JNE3664-TP-S|6|8
JNE3710|JNE3710-DR-L|6|8
J0336|J0336-TP-XXL|6|8
J0153|J0153-DR-M|6|8
JNE3739|JNE3739-KR-S|6|8
PJNE3363|PJNE3363-KR-5XL|6|8
JNE3671|JNE3671-TU-S|6|8
MEN5010|MEN5010-KR-XXXL|6|8
JNE2171|JNE2171-KR-437-L|6|8
MEN5027|MEN5027-KR-XXL|6|8
JNE3581|JNE3581-KR-S|6|8
JNE3399|JNE3399-KR-XXL|6|8
JNE3524|JNE3524-KR-M|6|8
JNE3774|JNE3774-KR-XXL|6|8
JNE3863|JNE3863-TU-M|6|8
MEN5009|MEN5009-KR-S|6|8
JNE2100|JNE2100-KR-144-S|6|8
JNE3581|JNE3581-KR-XL|6|8
JNE3864|JNE3864-TU-XL|6|8
JNE3376|JNE3376-KR-XXL|6|8
JNE3764|JNE3764-KR-XL|6|8
JNE3261|JNE3261-KR-M|6|8
JNE3863|JNE3863-TU-XL|6|8
J0157|J0157-DR-XL|6|8
JNE3669|JNE3669-TU-M|6|8
MEN5003|MEN5003-KR-L|6|8
J0197|J0197-TP-XXXL|6|8
NW006|NW006-ST-SR-XXL|6|8
JNE3065|JNE3065-KR-M|6|8
JNE3750|JNE3750-KR-XS|6|8
J0203|J0203-TP-XXXL|6|8
J0132|J0132-KR-XL|6|8
JNE3756|JNE3756-KR-XXL|6|8
J0196|J0196-TP-XL|6|8
MEN5001|MEN5001-KR-M.|6|8
PJNE3399|PJNE3399-KR-6XL|6|8
J0096|J0096-KR-L|6|8
MEN5010|MEN5010-KR-XXL|6|8
PJNE3423|PJNE3423-KR-5XL|6|8
SET291|SET291-KR-PP-XXL|6|8
J0096|J0096-KR-XXL|6|8
JNE3252|JNE3252-KR-XL|6|8
JNE3863|JNE3863-TU-XXL|6|8
JNE3396|JNE3396-KR-XL|6|8
PJNE3421|PJNE3421-KR-6XL|6|8
MEN5013|MEN5013-KR-XL|6|8
J0201|J0201-TP-XS|6|8
J0198|J0198-TP-M|6|8
J0198|J0198-TP-S|6|8
JNE3256|JNE3256-KR-XXL|6|8
JNE3673|JNE3673-TU-M|6|8
JNE3611|JNE3611-KR-XS|6|8
JNE3863|JNE3863-TU-S|6|8
J0136|J0136-KR-S|6|8
J0203|J0203-TP-S|6|8
J0086|J0086-DR-M|6|8
J0086|J0086-DR-S|6|8
JNE3614|JNE3614-KR-XL|6|10
JNE3710|JNE3710-DR-M|6|10
JNE3616|JNE3616-KR-M|6|10
JNE3671|JNE3671-TU-M|6|10
JNE3728|JNE3728-KR-XXL|6|10
JNE3741|JNE3741-KR-XL|6|10
JNE3620|JNE3620-KR-L|6|10
JNE3620|JNE3620-KR-S|6|10
JNE3620|JNE3620-KR-XXL|6|10
JNE3620|JNE3620-KR-M|6|10
JNE3523|JNE3523-KR-L|6|10
MEN5016|MEN5016-KR-M|6|10
JNE2170|JNE2170-KR-436-XXL|6|10
J0336|J0336-TP-M|6|10
JNE3614|JNE3614-KR-XS|6|10
J0201|J0201-TP-XXL|6|10
JNE3770|JNE3770-KR-S|6|10
J0198|J0198-TP-L|6|10
JNE3672|JNE3672-TU-XXXL|6|10
J0201|J0201-TP-XL|6|10
SET205|SET205-KR-DPT-XL|6|10
MEN5003|MEN5003-KR-M|6|10
MEN5029|MEN5029-KR-XL|6|10
JNE3718|JNE3718-KR-L|6|10
JNE3686|JNE3686-TU-XXL|6|10
JNE2266|JNE2266-KR-490-XL|6|10
JNE3396|JNE3396-KR-L|6|10
JNE3691|JNE3691-TU-XL|6|10
J0196|J0196-TP-XXL|6|10
J0197|J0197-TP-M|6|10
J0097|J0097-KR-S|6|10
MEN5002|MEN5002-KR-M|6|10
J0139|J0139-KR-L|6|10
J0139|J0139-KR-XXXL|6|10
PJNE2100|PJNE2100-KR-4XL|6|10
JNE3764|JNE3764-KR-L|6|10
SET205|SET205-KR-DPT-L|6|10
JNE3256|JNE3256-KR-L|6|10
J0136|J0136-KR-M|6|10
JNE3581|JNE3581-KR-L|6|10
JNE3620|JNE3620-KR-XL|6|10
JNE3065|JNE3065-KR-XL|6|10
MEN5009|MEN5009-KR-M|6|10
JNE3581|JNE3581-KR-M|6|10
JNE3671|JNE3671-TU-L|6|10
J0183|J0183-TP-L|6|10
JNE3654|JNE3654-TP-S|6|10
JNE3669|JNE3669-TU-XL|6|10
SET184|SET184-KR-PP-XXL|6|10
JNE3770|JNE3770-KR-M|6|10
MEN5004|MEN5004-KR-XL|6|10
JNE3710|JNE3710-DR-S|6|10
SET205|SET205-KR-DPT-S|6|10
JNE3523|JNE3523-KR-XL|6|10
SET205|SET205-KR-DPT-M|6|10
JNE3763|JNE3763-KR-S|6|10
J0201|J0201-TP-XXXL|6|10
MEN5010|MEN5010-KR-M|6|10
JNE3775|JNE3775-KR-L|6|10
JNE2170|JNE2170-KR-436-XL|6|10
MEN5029|MEN5029-KR-M|6|10
JNE3863|JNE3863-TU-L|6|10
J0096|J0096-KR-M|6|10
JNE3396|JNE3396-KR-S|6|10
JNE3614|JNE3614-KR-S|6|10
SET285|SET285-KR-SHA-S|6|10
JNE3759|JNE3759-KR-M|6|10
JNE3770|JNE3770-KR-XL|6|10
JNE3770|JNE3770-KR-XXL|6|10
JNE3261|JNE3261-KR-XL|6|12
JNE3739|JNE3739-KR-XL|6|12
JNE3611|JNE3611-KR-S|6|12
J0153|J0153-DR-XL|6|12
JNE2170|JNE2170-KR-436-M|6|12
SET291|SET291-KR-PP-S|6|12
J0097|J0097-KR-L|6|12
MEN5009|MEN5009-KR-XXL|6|12
PJNE2100|PJNE2100-KR-5XL|6|12
JNE3616|JNE3616-KR-L|6|12
JNE3523|JNE3523-KR-M|6|12
J0119|J0119-TP-L|6|12
JNE2266|JNE2266-KR-490-M|6|12
JNE2171|JNE2171-KR-437-XL|6|12
JNE3744|JNE3744-TU-S|6|12
J0336|J0336-TP-XL|6|12
MEN5018|MEN5018-KR-M|6|12
JNE3750|JNE3750-KR-XXXL|6|12
JNE3750|JNE3750-KR-M|6|12
JNE3581|JNE3581-KR-XXL|6|12
PJNE3445|PJNE3445-KR-4XL|6|12
JNE3400|JNE3400-KR-M|6|12
JNE3611|JNE3611-KR-M|6|12
JNE2266|JNE2266-KR-490-XXL|6|12
SET291|SET291-KR-PP-M|6|12
JNE3611|JNE3611-KR-XL|6|12
MEN5013|MEN5013-KR-XXL|6|12
J0203|J0203-TP-L|6|12
J0203|J0203-TP-XL|6|12
SET291|SET291-KR-PP-XL|6|12
JNE2266|JNE2266-KR-490-L|6|12
J0203|J0203-TP-XS|6|12
MEN5007|MEN5007-KR-M|6|12
J0198|J0198-TP-XXXL|6|12
JNE3750|JNE3750-KR-XL|6|12
MEN5018|MEN5018-KR-XL|6|12
J0024|J0024-KR-XL|6|12
JNE3611|JNE3611-KR-L|6|12
MEN5016|MEN5016-KR-S|6|12
J0196|J0196-TP-L|6|12
J0197|J0197-TP-L|6|12
J0336|J0336-TP-L|6|12
PJNE3445|PJNE3445-KR-5XL|6|12
JNE2170|JNE2170-KR-436-L|6|12
JNE3674|JNE3674-TU-XXXL|6|12
JNE3673|JNE3673-TU-XXL|6|12
MEN5003|MEN5003-KR-XXL|6|12
JNE3673|JNE3673-TU-XL|6|12
JNE3688|JNE3688-TU-XXXL|6|12
JNE3778|JNE3778-KR-S|6|12
JNE3669|JNE3669-TU-S|6|12
J0024|J0024-KR-S|6|12
JNE3691|JNE3691-TU-XXXL|6|12
JNE3524|JNE3524-KR-L|6|12
JNE3616|JNE3616-KR-S|6|12
J0136|J0136-KR-XXXL|6|12
JNE3793|JNE3793-KR-S|6|12
JNE3793|JNE3793-KR-L|6|12
JNE3793|JNE3793-KR-M|6|12
SET285|SET285-KR-SHA-L|6|12
JNE3793|JNE3793-KR-XL|6|12
JNE3790|JNE3790-KR-S|6|12
JNE3739|JNE3739-KR-L|6|14
J0157|J0157-DR-XXL|6|14
JNE3616|JNE3616-KR-XXXL|6|14
JNE3256|JNE3256-KR-XL|6|14
JNE3750|JNE3750-KR-XXL|6|14
MEN5022|MEN5022-KR-XL|6|14
JNE3770|JNE3770-KR-L|6|14
MEN5004|MEN5004-KR-L|6|14
J0097|J0097-KR-M|6|14
J0139|J0139-KR-M|6|14
J0024|J0024-KR-M|6|14
MEN5027|MEN5027-KR-XL|6|14
PJNE2100|PJNE2100-KR-6XL|6|14
JNE3672|JNE3672-TU-S|6|14
JNE3065|JNE3065-KR-L|6|14
SET351|SET351-KR-NP-L|6|14
JNE3674|JNE3674-TU-M|6|14
JNE3691|JNE3691-TU-M|6|14
JNE3616|JNE3616-KR-XXL|6|14
JNE3672|JNE3672-TU-M|6|14
J0197|J0197-TP-S|6|14
MEN5009|MEN5009-KR-XXXL|6|14
JNE3664|JNE3664-TP-XL|6|14
MEN5009|MEN5009-KR-XL|6|14
JNE3616|JNE3616-KR-XL|6|14
J0201|J0201-TP-S|6|16
PJNE3423|PJNE3423-KR-4XL|6|16
J0024|J0024-KR-L|6|16
J0201|J0201-TP-L|6|16
MEN5002|MEN5002-KR-XXL|6|16
JNE3790|JNE3790-KR-M|6|16
MEN5002|MEN5002-KR-S|6|16
JNE3674|JNE3674-TU-XXL|6|16
JNE3674|JNE3674-TU-S|6|16
JNE3744|JNE3744-TU-XXXL|6|16
J0198|J0198-TP-XXL|6|16
PJNE1906|PJNE1906-KR-6XL|6|16
JNE3750|JNE3750-KR-S|6|16
PJNE3440|PJNE3440-KR-4XL|6|16
JNE3688|JNE3688-TU-XL|6|16
JNE3764|JNE3764-KR-M|6|16
JNE3750|JNE3750-KR-L|6|16
JNE3718|JNE3718-KR-XXL|6|16
JNE3672|JNE3672-TU-L|6|16
JNE3691|JNE3691-TU-L|6|18
JNE3674|JNE3674-TU-XL|6|18
JNE3669|JNE3669-TU-L|6|18
JNE3688|JNE3688-TU-XXL|6|18
MEN5002|MEN5002-KR-XL.|6|18
JNE3674|JNE3674-TU-L|6|20
J0201|J0201-TP-M|6|20
JNE2100|JNE2100-KR-144-M|6|20
JNE3744|JNE3744-TU-M|6|20
PJNE3440|PJNE3440-KR-6XL|6|20
JNE3744|JNE3744-TU-XL|6|22
JNE3688|JNE3688-TU-S|6|22
JNE3691|JNE3691-TU-XXL|6|22
JNE3790|JNE3790-KR-L|6|22
JNE3672|JNE3672-TU-XL|6|22
JNE3744|JNE3744-TU-XXL|6|22
MEN5002|MEN5002-KR-XXXL|6|22
JNE3790|JNE3790-KR-XL|6|22
JNE3744|JNE3744-TU-L|6|24
MEN5009|MEN5009-KR-L|6|24
JNE3672|JNE3672-TU-XXL|6|24
JNE1525|KURTI|6|24
JNE3688|JNE3688-TU-M|6|28
PJNE3440|PJNE3440-KR-5XL|6|34
JNE3688|JNE3688-TU-L|6|36
JNE3042|JNE3042-KR-XXL|5|2
JNE1978|JNE1978-KR-238-S|5|2
JNE3658|JNE3658-TP-L|5|2
BTM035|BTM035-NP-S|5|2
JNE3698|JNE3698-KR-S|5|2
JNE3549|JNE3549-KR-XXL|5|2
JNE3570|JNE3570-KR-M|5|2
JNE3507|JNE3507-KR-XS|5|2
JNE3645|JNE3645-TP-M|5|2
J0117|J0117-TP-XXXL|5|2
BL055|BL055-164GOLD|5|2
JNE1408|KURTI|5|2
JNE3686|JNE3686-TU-XL|5|2
JNE3537|JNE3537-KR-XXL|5|2
J0116|J0116-TP-M|5|2
BTM021|BTM021-XXXL|5|2
BL023|BL023-74PINK|5|2
JNE3366|JNE3366-KR-1053-XS|5|2
BTM040|BTM040-PP-L|5|2
CH202|CH202-ORANGE-S|5|2
J0122|J0122-TP-XXL|5|2
BL098|BL098-M|5|2
BL099|BL099-M|5|2
JNE3606|JNE3606-KR-M|5|2
JNE3615|JNE3615-KR-XXL|5|2
JNE2265|JNE2265-KR-501-S|5|2
BTM035|BTM035-NP-M|5|2
BTM040|BTM040-PP-S|5|2
J0170|J0170-TP-XL|5|2
J0114|J0114-TP-XXL|5|2
JNE3575|JNE3575-KR-S|5|2
JNE1978|JNE1978-KR-238-XXXL|5|2
JNE3386|JNE3386-KR-XL|5|2
CH213|CH213-BROWN-S|5|2
JNE3497|JNE3497-KR-XL|5|2
AN202|AN202-ORANGE-L|5|2
J0189|J0189-TP-L|5|2
BTM045|BTM045-PP-XL|5|2
CH202|CH202-ORANGE-XXL|5|2
J0189|J0189-TP-XL|5|2
BL026|BL026-74BEIGE|5|2
J0310|J0310-TP-XXL|5|2
JNE2199|JNE2199-KR-411-M|5|2
JNE3672|JNE3672-TU-M|5|2
BTM045|BTM045-PP-XS|5|2
BL091|BL091-XL|5|2
JNE1408|JNE1408-GREY-KR-UDF19-XS|5|2
BTM030|BTM030-NP-S|5|2
BTM040|BTM040-PP-XXXL|5|2
JNE3455|JNE3455-KR-L|5|2
BL011|BL011-62PINK|5|2
JNE3526|JNE3526-KR-XL|5|2
BL097|BL097-XXL|5|2
AN202|AN202-ORANGE-XL|5|2
BTM046|BTM046-PP-S|5|2
JNE3674|JNE3674-TU-XXXL|5|2
JNE3446|JNE3446-KR-XL|5|2
BTM038|BTM038-PP-XS|5|2
JNE3390|JNE3390-KR-M|5|2
JNE3713|JNE3713-TP-M|5|2
JNE3684|JNE3684-TU-XS|5|2
JNE3672|JNE3672-TU-XS|5|2
BTM021|BTM021-XS|5|2
JNE1978|JNE1978-KR-238-XXL|5|2
J0023|J0023-TP-XS|5|2
BTM035|BTM035-NP-XS|5|2
JNE1525|JNE1525-KR-UDF19BLACK-XS|5|2
JNE3719|JNE3719-KR-S|5|2
J0176|J0176-TP-M|5|2
J0117|J0117-TP-XS|5|2
J0022|J0022-KR-S|5|2
BTM041|BTM041-PP-XS|5|2
JNE3663|JNE3663-TP-S|5|2
JNE3497|JNE3497-KR-XXXL|5|2
J0022|J0022-KR-XXL|5|2
BTM042|BTM042-PP-XS|5|2
JNE3386|JNE3386-KR-L|5|2
BL099|BL099-L|5|2
BTM031|BTM031-NP-S|5|2
JNE2307|JNE2307-KR-572-XXL|5|2
BL013|BL013-62BLACK|5|2
JNE3443|JNE3443-KR-XXL|5|2
JNE3388|JNE3388-KR-L|5|2
BTM030|BTM030-NP-XS|5|2
JNE3693|JNE3693-KR-M|5|2
J0117|J0117-TP-XL|5|2
BTM027|BTM027-NP-XXL|5|2
JNE3643|JNE3643-TP-XL|5|2
BTM030|BTM030-NP-L|5|2
JNE1998|JNE1998-KR-311-XS|5|2
JNE3713|JNE3713-TP-XXL|5|2
JNE3684|JNE3684-TU-M|5|2
BTM021|BTM021-S|5|2
JNE3446|JNE3446-KR-S|5|2
JNE3605|JNE3605-KR-XXXL|5|2
J0122|J0122-TP-XXXL|5|2
J0189|J0189-TP-XS|5|2
JNE3606|JNE3606-KR-XL|5|2
JNE3615|JNE3615-KR-XL|5|2
BL097|BL097-L|5|2
J0165|J0165-TP-L|5|2
BL102|BL102-M|5|2
J0117|J0117-TP-L|5|2
JNE3660|JNE3660-TP-L|5|2
JNE3712|JNE3712-TP-M|5|2
BTM041|BTM041-PP-S|5|2
JNE3386|JNE3386-KR-M|5|2
BTM035|BTM035-NP-L|5|2
JNE3443|JNE3443-KR-S|5|2
J0190|J0190-TP-XXXL|5|2
JNE3684|JNE3684-TU-XXXL|5|2
BTM042|BTM042-PP-S|5|2
JNE3455|JNE3455-KR-M|5|2
J0122|J0122-TP-L|5|2
J0121|J0121-TP-XL|5|2
JNE3674|JNE3674-TU-S|5|2
JNE3669|JNE3669-TU-XS|5|2
BTM033|BTM033-NP-L|5|2
JNE3684|JNE3684-TU-XL|5|2
JNE3719|JNE3719-KR-XL|5|2
BL024|BL024-74RED|5|2
BTM041|BTM041-PP-XXL|5|2
JNE3605|JNE3605-KR-XXL|5|2
JNE3526|JNE3526-KR-M|5|2
CH209|CH209-BIEGE-S|5|2
J0022|J0022-KR-XL|5|2
BTM045|BTM045-PP-S|5|2
JNE3455|JNE3455-KR-S|5|2
JNE3644|JNE3644-TP-XS|5|2
CH205|CH205-YELLOW-XXL|5|2
JNE3615|JNE3615-KR-XXXL|5|2
BTM040|BTM040-PP-M|5|2
J0121|J0121-TP-XS|5|2
BTM035|BTM035-NP-XXXL|5|2
JNE3455|JNE3455-KR-XL|5|2
AN202|AN202-ORANGE-S|5|2
J0021|J0021-TP-S|5|2
BTM003|BTM003-M|5|2
BL103|BL103-S|5|2
J0172|J0172-TP-XS|5|2
BTM045|BTM045-PP-XXL|5|2
JNE3606|JNE3606-KR-XXXL|5|2
BTM035|BTM035-NP-XL|5|2
JNE3446|JNE3446-KR-M|5|2
JNE3522|JNE3522-KR-XXL|5|2
BTM041|BTM041-PP-XXXL|5|2
JNE3663|JNE3663-TP-XL|5|2
JNE3615|JNE3615-KR-L|5|2
JNE1978|JNE1978-KR-238-L|5|2
J0116|J0116-TP-XL|5|2
JNE2307|JNE2307-KR-572-L|5|2
BTM027|BTM027-NP-XXXL|5|2
BTM030|BTM030-NP-XXL|5|2
AN209|AN209-BIEGE-XXL|5|2
JNE3606|JNE3606-KR-L|5|2
JNE3522|JNE3522-KR-XS|5|2
J0022|J0022-KR-XXXL|5|2
BTM003|BTM003-XXL|5|2
J0117|J0117-TP-S|5|2
JNE3672|JNE3672-TU-S|5|2
SET241|SET241-KR-PP-S|5|2
J0021|J0021-TP-XL|5|2
JNE3661|JNE3661-TP-M|5|2
J0119|J0119-TP-XXXL|5|2
JNE3648|JNE3648-TP-S|5|2
J0117|J0117-TP-M|5|2
BTM030|BTM030-NP-XXXL|5|2
J0176|J0176-TP-L|5|2
JNE1977|JNE1977-KR-237-XS|5|2
JNE3386|JNE3386-KR-XXL|5|2
JNE3567|JNE3567-KR-XS|5|2
J0176|J0176-TP-XL|5|2
CH202|CH202-ORANGE-L|5|2
J0189|J0189-TP-S|5|2
BL104|BL104-S|5|2
JNE3689|JNE3689-TU-XS|5|2
BTM040|BTM040-PP-XL|5|2
JNE3615|JNE3615-KR-S|5|2
J0189|J0189-TP-XXXL|5|2
JNE3712|JNE3712-TP-XS|5|2
JNE3404|JNE3404-KR-XXL|5|2
JNE3688|JNE3688-TU-S|5|2
BTM030|BTM030-NP-M|5|2
JNE3579|JNE3579-KR-L|5|2
JNE3719|JNE3719-KR-L|5|2
JNE1978|JNE1978-KR-238-XS|5|2
AN202|AN202-ORANGE-M|5|2
JNE2199|JNE2199-KR-411-S|5|2
JNE3679|JNE3679-TU-XS|5|2
JNE3537|JNE3537-KR-XL|5|2
BTM041|BTM041-PP-XL|5|2
JNE3684|JNE3684-TU-S|5|2
J0121|J0121-TP-XXL|5|2
BTM047|BTM047-PP-M|5|2
BTM003|BTM003-S|5|2
JNE3443|JNE3443-KR-XL|5|2
JNE3693|JNE3693-KR-S|5|2
JNE3719|JNE3719-KR-M|5|2
CH202|CH202-ORANGE-XL|5|2
JNE3713|JNE3713-TP-XS|5|2
J0176|J0176-TP-XXL|5|2
JNE2307|JNE2307-KR-572-XL|5|2
AN204|AN204-PURPLE-M|5|2
JNE3404|JNE3404-KR-XXXL|5|2
J0048|J0048-TP-XL|5|2
JNE3566|JNE3566-KR-XXL|5|2
BTM045|BTM045-PP-L|5|2
JNE3698|JNE3698-KR-XXL|5|2
JNE3674|JNE3674-TU-M|5|2
BTM040|BTM040-PP-XXL|5|2
BTM031|BTM031-NP-XS|5|2
BTM041|BTM041-PP-M|5|2
JNE3674|JNE3674-TU-XS|5|2
BTM041|BTM041-PP-L|5|2
BTM026|BTM026-NP-XXL|5|2
BL050|BL050-83RED|5|2
BTM046|BTM046-PP-XXL|5|2
JNE2307|JNE2307-KR-572-M|5|2
AN205|AN205-YELLOW-M|5|2
JNE3507|JNE3507-KR-XXL|5|2
JNE3390|JNE3390-KR-S|5|2
JNE3427|JNE3427-KR-S|5|2
CH213|CH213-BROWN-XXL|5|2
JNE2307|JNE2307-KR-572-S|5|2
JNE3570|JNE3570-KR-XXL|5|2
BL104|BL104-L|5|2
BTM047|BTM047-PP-XS|5|2
JNE3386|JNE3386-KR-XS|5|2
JNE3615|JNE3615-KR-M|5|2
JNE1978|JNE1978-KR-238-XL|5|2
JNE3457|JNE3457-KR-XXL|5|2
JNE3390|JNE3390-KR-L|5|2
BL025|BL025-74BLACK|5|2
AN202|AN202-ORANGE-XXL|5|2
JNE3537|JNE3537-KR-M|5|2
JNE3719|JNE3719-KR-XXL|5|2
AN205|AN205-YELLOW-S|5|2
BTM039|BTM039-PP-XS|5|2
BTM045|BTM045-PP-XXXL|5|2
JNE3455|JNE3455-KR-XXL|5|2
J0189|J0189-TP-M|5|2
JNE3606|JNE3606-KR-XXL|5|2
J0022|J0022-KR-XS|5|2
JNE3479|JNE3479-KR-XXXL|5|2
J0021|J0021-TP-M|5|2
J0121|J0121-TP-XXXL|5|2
BTM033|BTM033-NP-XL|5|2
AN205|AN205-YELLOW-L|5|2
JNE3688|JNE3688-TU-XXL|5|2
BTM030|BTM030-NP-XL|5|2
JNE3479|JNE3479-KR-XXL|5|2
JNE3645|JNE3645-TP-XS|5|2
BTM047|BTM047-PP-S|5|2
JNE3042|JNE3042-KR-XXXL|5|2
JNE3566|JNE3566-KR-XL|5|2
CH202|CH202-ORANGE-M|5|2
CH207|CH207-PINK-XXL|5|2
JNE3643|JNE3643-TP-L|5|2
JNE3615|JNE3615-KR-XS|5|2
J0121|J0121-TP-L|5|2
JNE1234|JNE1234-MULTI-KR-032-XS|5|2
JNE2199|JNE2199-KR-411-XL|5|2
JNE1978|JNE1978-KR-238-M|5|2
JNE3404|JNE3404-KR-L|5|2
J0307|J0307-TP-S|5|2
JNE2199|JNE2199-KR-411-XS|5|2
JNE3446|JNE3446-KR-L|5|2
CH213|CH213-BROWN-M|5|2
SET241|SET241-KR-PP-XL|5|2
BTM029|BTM029-NP-XL|5|2
JNE3443|JNE3443-KR-M|5|2
J0189|J0189-TP-XXL|5|2
BTM040|BTM040-PP-XS|5|2
JNE3455|JNE3455-KR-XS|5|2
JNE2305|JNE2305-KR-533-L|5|2
CH208|CH208-MUSTARD-XXL|5|2
JNE3712|JNE3712-TP-XXL|5|2
BTM031|BTM031-NP-XL|5|2
J0022|J0022-KR-M|5|2
BL014|BL014|5|2
J0022|J0022-KR-L|5|2
BTM029|BTM029-NP-L|5|2
JNE3647|JNE3647-TP-XL|5|2
SET036|SET036-KR-NP-L|5|2
J0178|J0178-TP-XS|5|2
JNE3507|JNE3507-KR-XXXL|5|2
JNE2100|JNE2100-KR-144-S|5|2
J0176|J0176-TP-XS|5|2
JNE3455|JNE3455-KR-XXXL|5|2
JNE3719|JNE3719-KR-XXXL|5|2
JNE3698|JNE3698-KR-XL|5|2
CH208|CH208-MUSTARD-M|5|2
JNE3386|JNE3386-KR-XXXL|5|2
JNE3653|JNE3653-TP-L|5|2
BTM045|BTM045-PP-M|5|2
JNE3446|JNE3446-KR-XXL|5|2
JNE2266|JNE2266-KR-490-L|5|2
JNE3461|JNE3461-KR-S|5|2
JNE3654|JNE3654-TP-XL|5|2
JNE3786|JNE3786-KR-XXXL|5|2
JNE2266|JNE2266-KR-490-XXL|5|2
JNE3547|JNE3547-KR-XS|5|2
JNE3579|JNE3579-KR-M|5|2
JNE3643|JNE3643-TP-S|5|2
JNE3610|JNE3610-KR-L|5|2
JNE2205|JNE2205-KR-467-XXL|5|2
J0024|J0024-KR-L|5|2
JNE3461|JNE3461-KR-M|5|2
J0087|J0087-TP-S|5|2
JNE3065|JNE3065-KR-L|5|2
JNE3461|JNE3461-KR-XL|5|2
JNE3461|JNE3461-KR-XXL|5|2
JNE2205|JNE2205-KR-467-L|5|2
JNE3655|JNE3655-TP-S|5|2
JNE3461|JNE3461-KR-XXXL|5|2
JNE3751|JNE3751-KR-XXL|5|2
JNE3789|JNE3789-KR-L|5|2
JNE3440|JNE3440-KR-XS|5|2
J0087|J0087-TP-XXL|5|2
JNE3371|JNE3371-KR-M|5|2
JNE3612|JNE3612-KR-XL|5|2
J0091|J0091-TP-XXXL|5|2
JNE3721|JNE3721-KR-L|5|2
JNE3294|JNE3294-KR-S|5|2
BTM026|BTM026-NP-S|5|2
JNE3623|JNE3623-KR-XXXL|5|2
JNE2205|JNE2205-KR-467-XXXL|5|2
BTM026|BTM026-NP-M|5|2
JNE2266|JNE2266-KR-490-S|5|2
JNE3371|JNE3371-KR-L|5|2
JNE3664|JNE3664-TP-S|5|2
JNE3065|JNE3065-KR-M|5|2
JNE3270|JNE3270-KR-XL|5|2
JNE3624|JNE3624-KR-L|5|2
JNE3065|JNE3065-KR-XL|5|2
J0087|J0087-TP-L|5|2
JNE3516|JNE3516-KR-M|5|2
JNE3261|JNE3261-KR-XS|5|2
JNE3658|JNE3658-TP-S|5|2
JNE2205|JNE2205-KR-467-XL|5|2
J0087|J0087-TP-XXXL|5|2
JNE3751|JNE3751-KR-M|5|2
JNE3642|JNE3642-TP-XS|5|2
BTM029|BTM029-NP-M|5|2
JNE3461|JNE3461-KR-L|5|2
JNE3658|JNE3658-TP-XL|5|2
JNE3741|JNE3741-KR-L|5|2
JNE3751|JNE3751-KR-L|5|2
JNE3745|JNE3745-KR-M|5|2
J0091|J0091-TP-M|5|2
JNE3661|JNE3661-TP-XL|5|2
J0132|J0132-KR-XXXL|5|2
JNE2205|JNE2205-KR-467-M|5|2
JNE2205|JNE2205-KR-467-S|5|2
J0024|J0024-KR-XXL|5|2
J0024|J0024-KR-S|5|2
J0024|J0024-KR-M|5|2
JNE3575|JNE3575-KR-XS|5|2
JNE3065|JNE3065-KR-XXL|5|2
JNE3751|JNE3751-KR-XL|5|2
JNE3441|JNE3441-KR-L|5|4
JNE3777|JNE3777-KR-XXL|5|4
J0085|J0085-TP-XXL|5|4
JNE3558|JNE3558-KR-S|5|4
BL103|BL103-XXL|5|4
JNE3561|JNE3561-KR-L|5|4
JNE3252|JNE3252-KR-XXL|5|4
BTM032|BTM032-NP-XL|5|4
JNE3570|JNE3570-KR-XS|5|4
JNE3550|JNE3550-KR-XL|5|4
JNE3541|JNE3541-KR-L|5|4
BTM031|BTM031-NP-XL.|5|4
JNE3365|JNE3365-KR-1052-XL|5|4
JNE3363|JNE3363-KR-1032-XS|5|4
BL111|BL111-XL|5|4
JNE3652|JNE3652-TP-XXL|5|4
JNE3549|JNE3549-KR-L|5|4
JNE3674|JNE3674-TU-XXL|5|4
JNE3716|JNE3716-KR-XS|5|4
JNE3666|JNE3666-TP-XL|5|4
BL100|BL100-XL|5|4
JNE3777|JNE3777-KR-S|5|4
J0123|J0123-TP-XXXL|5|4
J0301|J0301-TP-L|5|4
J0091|J0091-TP-S|5|4
BL093|BL093-S|5|4
JNE3635|JNE3635-KR-S|5|4
BL092|BL092-XXL|5|4
JNE3670|JNE3670-TU-L|5|4
JNE3398|JNE3398-KR-M|5|4
J0119|J0119-TP-XS|5|4
J0123|J0123-TP-S|5|4
BTM048|BTM048-PP-XXXL|5|4
JNE3434|JNE3434-KR-XS|5|4
JNE3777|JNE3777-KR-XL|5|4
JNE3560|JNE3560-KR-XS|5|4
J0123|J0123-TP-XXL|5|4
BL107|BL107-M|5|4
BL085|BL085-M|5|4
JNE3661|JNE3661-TP-S|5|4
BTM036|BTM036-PP-XXXL|5|4
BL100|BL100-M|5|4
J0192|J0192-TP-XS|5|4
JNE3759|JNE3759-KR-XXL|5|4
JNE3759|JNE3759-KR-L|5|4
JNE3675|JNE3675-TU-XXXL|5|4
J0301|J0301-TP-XXL|5|4
JNE3365|JNE3365-KR-1052-XS|5|4
BTM044|BTM044-PP-XXL|5|4
J0119|J0119-TP-M|5|4
J0123|J0123-TP-L|5|4
JNE3717|JNE3717-KR-XXXL|5|4
BTM035|BTM035-NP-XXL|5|4
BTM029|BTM029-NP-XXXL|5|4
JNE3665|JNE3665-TP-XS|5|4
JNE3252|JNE3252-KR-S|5|4
BL092|BL092-M|5|4
JNE3672|JNE3672-TU-L|5|4
J0167|J0167-KR-L|5|4
JNE3252|JNE3252-KR-XS|5|4
JNE3507|JNE3507-KR-L|5|4
J0098|J0098-TP-L|5|4
JNE3488|JNE3488-KR-XXL|5|4
JNE3457|JNE3457-KR-M|5|4
BL087|BL087-XXL|5|4
JNE3668|JNE3668-TP-XS|5|4
J0292|J0292-TP-S|5|4
JNE2100|JNE2100-KR-144-XS|5|4
J0112|J0112-TP-XXL|5|4
JNE3698|JNE3698-KR-L|5|4
JNE3423|JNE3423-KR-S|5|4
J0167|J0167-KR-M|5|4
BL100|BL100-XS|5|4
BL113|BL113-M|5|4
JNE3717|JNE3717-KR-XL|5|4
BL111|BL111-M|5|4
J0119|J0119-TP-S|5|4
JNE3364|JNE3364-KR-1051-XS|5|4
JNE3713|JNE3713-TP-L|5|4
J0121|J0121-TP-M|5|4
J0304|J0304-TP-XL|5|4
J0112|J0112-TP-XL|5|4
J0131|J0131-KR-XL|5|4
BL111|BL111-L|5|4
JNE3398|JNE3398-KR-XL|5|4
JNE3439|JNE3439-KR-XS|5|4
JNE3743|JNE3743-TP-S|5|4
JNE3534|JNE3534-KR-XS|5|4
JNE3635|JNE3635-KR-XXXL|5|4
JNE3441|JNE3441-KR-XS|5|4
JNE3420|JNE3420-KR-M|5|4
JNE3639|JNE3639-TP-M|5|4
JNE3657|JNE3657-TP-M|5|4
BL092|BL092-XL|5|4
JNE3686|JNE3686-TU-L|5|4
JNE3641|JNE3641-TP-XS|5|4
JNE3549|JNE3549-KR-M|5|4
J0304|J0304-TP-L|5|4
BTM036|BTM036-PP-XXL|5|4
JNE3641|JNE3641-TP-S|5|4
JNE3528|JNE3528-KR-S|5|4
JNE3420|JNE3420-KR-S|5|4
JNE3507|JNE3507-KR-M|5|4
J0121|J0121-TP-S|5|4
JNE3743|JNE3743-TU-M|5|4
JNE3697|JNE3697-KR-S|5|4
BL086|BL086-XS|5|4
J0337|J0337-TP-XL|5|4
BTM005|BTM005-XS|5|4
JNE3662|JNE3662-TP-XXL|5|4
JNE3042|JNE3042-KR-L|5|4
BL097|BL097-XL|5|4
JNE3690|JNE3690-TU-XS|5|4
JNE3404|JNE3404-KR-XS|5|4
BTM008|BTM008-XXXL|5|4
JNE3539|JNE3539-KR-XL|5|4
BL097|BL097-M|5|4
JNE3712|JNE3712-TP-XL|5|4
JNE3384|JNE3384-KR-XS|5|4
JNE3541|JNE3541-KR-S|5|4
JNE3560|JNE3560-KR-XXXL|5|4
J0294|J0294-TP-XXXL|5|4
J0304|J0304-TP-XXL|5|4
JNE3447|JNE3447-KR-S|5|4
JNE3717|JNE3717-KR-L|5|4
JNE3624|JNE3624-KR-S|5|4
BTM046|BTM046-PP-XXXL|5|4
BTM036|BTM036-PP-L|5|4
BL092|BL092-L|5|4
JNE3649|JNE3649-TP-S|5|4
JNE3796|JNE3796-KR-XS|5|4
JNE3553|JNE3553-KR-XS|5|4
J0176|J0176-TP-S|5|4
JNE2032|JNE2032-KR-205-S|5|4
BL107|BL107-L|5|4
JNE3659|JNE3659-TP-S|5|4
JNE3423|JNE3423-KR-M|5|4
JNE3635|JNE3635-KR-XXL|5|4
JNE3618|JNE3618-KR-L|5|4
JNE3672|JNE3672-TU-XXL|5|4
J0167|J0167-KR-S|5|4
JNE3644|JNE3644-TP-M|5|4
JNE3660|JNE3660-TP-XL|5|4
BL093|BL093-XL|5|4
BL085|BL085-XXL|5|4
JNE3759|JNE3759-KR-XL|5|4
J0089|J0089-TP-XL|5|4
JNE3252|JNE3252-KR-XXXL|5|4
JNE3743|JNE3743-TU-XXL|5|4
JNE3644|JNE3644-TP-L|5|4
JNE3672|JNE3672-TU-XXXL|5|4
JNE2014|JNE2014-KR-178-XS|5|4
BTM008|BTM008-M|5|4
JNE3549|JNE3549-KR-XXXL|5|4
BL113|BL113-XS|5|4
J0085|J0085-TP-XL|5|4
BL107|BL107-XXL|5|4
J0294|J0294-TP-XL|5|4
JNE3675|JNE3675-TU-L|5|4
BL107|BL107-XL|5|4
BL113|BL113-XL|5|4
JNE3701|JNE3701-KR-XXXL|5|4
JNE3558|JNE3558-KR-XXL|5|4
JNE3507|JNE3507-KR-XL|5|4
JNE3676|JNE3676-TU-XS|5|4
BL087|BL087-XL|5|4
JNE3695|JNE3695-KR-XXL|5|4
J0122|J0122-TP-XL|5|4
J0334|J0334-TP-XL|5|4
J0205|J0205-TP-XL|5|4
JNE3565|JNE3565-KR-XS|5|4
JNE3488|JNE3488-KR-L|5|4
J0117|J0117-TP-XXL|5|4
JNE3042|JNE3042-KR-S|5|4
JNE3652|JNE3652-TP-L|5|4
JNE3695|JNE3695-KR-M|5|4
JNE3687|JNE3687-TU-XS|5|4
J0131|J0131-KR-S|5|4
JNE3743|JNE3743-TU-XL|5|4
JNE3398|JNE3398-KR-L|5|4
JNE3398|JNE3398-KR-S|5|4
JNE3535|JNE3535-KR-XXXL|5|4
JNE3717|JNE3717-KR-XXL|5|4
JNE3675|JNE3675-TU-M|5|4
BL009|BL009-61BLACK|5|4
J0131|J0131-KR-M|5|4
BTM021|BTM021-M|5|4
BL111|BL111-XS|5|4
JNE3648|JNE3648-TP-XXL|5|4
JNE3674|JNE3674-TU-L|5|4
JNE3743|JNE3743-TU-L|5|4
J0167|J0167-KR-XL|5|4
J0192|J0192-TP-XL|5|4
J0170|J0170-TP-M|5|4
J0304|J0304-TP-M|5|4
JNE3666|JNE3666-TP-L|5|4
JNE3657|JNE3657-TP-S|5|4
JNE2032|JNE2032-KR-205-M|5|4
BTM044|BTM044-PP-XL|5|4
JNE3805|JNE3805-KR-XXXL|5|4
JNE3488|JNE3488-KR-XL|5|4
BTM039|BTM039-PP-XXL|5|4
JNE3802|JNE3802-KR-XXXL|5|4
BTM048|BTM048-PP-XL|5|4
BL100|BL100-S|5|4
JNE3566|JNE3566-KR-L|5|4
JNE3386|JNE3386-KR-S|5|4
SET202|SET202-KR-NP-XXXL|5|4
JNE3773|JNE3773-KR-XXL|5|4
BTM044|BTM044-PP-L|5|4
BL086|BL086-M|5|4
JNE3635|JNE3635-KR-L|5|4
JNE3497|JNE3497-KR-L|5|4
BTM005|BTM005-XXL|5|4
J0023|J0023-TP-XL|5|4
JNE3573|JNE3573-KR-M|5|4
JNE3553|JNE3553-KR-M|5|4
JNE3639|JNE3639-TP-XS|5|4
J0112|J0112-TP-M|5|4
JNE3752|JNE3752-KR-M|5|4
JNE3549|JNE3549-KR-XL|5|4
JNE2032|JNE2032-KR-205-XXXL|5|4
J0297|J0297-TP-S|5|4
BL111|BL111-S|5|4
J0334|J0334-TP-L|5|4
JNE3639|JNE3639-TP-S|5|4
J0292|J0292-TP-L|5|4
J0119|J0119-TP-XL|5|4
J0154|J0154-DR-XS|5|4
JNE3445|JNE3445-KR-S|5|4
JNE3683|JNE3683-TU-XL|5|4
JNE3606|JNE3606-KR-S|5|4
JNE3661|JNE3661-TP-XXL|5|4
JNE3675|JNE3675-TU-XL|5|4
JNE3561|JNE3561-KR-XXL|5|4
JNE3561|JNE3561-KR-S|5|4
JNE3666|JNE3666-TP-XXL|5|4
BL113|BL113-L|5|4
JNE3804|JNE3804-KR-L|5|4
JNE3252|JNE3252-KR-L|5|4
BTM005|BTM005-S|5|4
BL093|BL093-XS|5|4
JNE3717|JNE3717-KR-M|5|4
JNE3665|JNE3665-TP-XL|5|4
J0294|J0294-TP-M|5|4
BL086|BL086-XL|5|4
CH209|CH209-BIEGE-XXL|5|4
BL113|BL113-S|5|4
J0297|J0297-TP-XL|5|4
BL104|BL104-XXL|5|4
J0176|J0176-TP-XXXL|5|4
BL086|BL086-L|5|4
JNE3294|JNE3294-KR-XL|5|4
J0112|J0112-TP-S|5|4
J0297|J0297-TP-M|5|4
JNE3657|JNE3657-TP-L|5|4
JNE3575|JNE3575-KR-M|5|4
JNE3644|JNE3644-TP-XL|5|4
JNE3652|JNE3652-TP-S|5|4
JNE3546|JNE3546-KR-XS|5|4
J0292|J0292-TP-XL|5|4
JNE3628|JNE3628-KR-XXXL|5|4
BTM044|BTM044-PP-XXXL|5|4
J0112|J0112-TP-L|5|4
PJNE3568|PJNE3568-KR-6XL|5|4
J0300|J0300-TP-XXL|5|4
BL086|BL086-S|5|4
JNE3686|JNE3686-TU-XS|5|4
BTM048|BTM048-PP-XXL|5|4
BTM021|BTM021-L|5|4
JNE3645|JNE3645-TP-XL|5|4
J0192|J0192-TP-XXL|5|4
JNE3571|JNE3571-KR-XS|5|4
JNE3447|JNE3447-KR-XL|5|4
JNE3635|JNE3635-KR-XL|5|4
J0292|J0292-TP-M|5|4
JNE3652|JNE3652-TP-XXXL|5|4
JNE3558|JNE3558-KR-M|5|4
J0167|J0167-KR-XXL|5|4
JNE3294|JNE3294-KR-L|5|4
JNE3635|JNE3635-KR-M|5|4
JNE3776|JNE3776-KR-XL|5|4
JNE3659|JNE3659-TP-XS|5|4
JNE3447|JNE3447-KR-M|5|4
JNE3573|JNE3573-KR-XL|5|4
JNE3669|JNE3669-TU-S|5|4
JNE3042|JNE3042-KR-XS|5|4
JNE2032|JNE2032-KR-205-XXL|5|4
JNE3781|JNE3781-KR-XL|5|4
BTM031|BTM031-NP-M|5|4
JNE3472|JNE3472-KR-XXXL|5|4
JNE2199|JNE2199-KR-411-L|5|4
JNE3225|JNE3225-KR-XS|5|4
J0334|J0334-TP-M|5|4
JNE3423|JNE3423-KR-XL|5|4
JNE3672|JNE3672-TU-XL|5|4
JNE3294|JNE3294-KR-XXXL|5|4
BTM036|BTM036-PP-XL|5|4
BL085|BL085-XL|5|4
JNE3447|JNE3447-KR-XXL|5|4
JNE3788|JNE3788-KR-L|5|4
JNE3785|JNE3785-KR-XL|5|4
JNE3429|JNE3429-KR-L|5|4
JNE3787|JNE3787-KR-XXL|5|4
JNE3729|JNE3729-KR-XL|5|4
JNE3785|JNE3785-KR-M|5|4
BTM046|BTM046-PP-XL|5|4
JNE3429|JNE3429-KR-XXL|5|4
J0344|J0344-TP-XXL|5|4
JNE3449|JNE3449-KR-M|5|4
JNE3449|JNE3449-KR-XL|5|4
BTM039|BTM039-PP-XL|5|4
J0132|J0132-KR-M|5|4
BTM043|BTM043-PP-L|5|4
JNE3429|JNE3429-KR-S|5|4
JNE3225|JNE3225-KR-L|5|4
BTM038|BTM038-PP-XL|5|4
JNE3363|JNE3363-KR-1032-XXXL|5|4
JNE3726|JNE3726-KR-XXXL|5|4
JNE3428|JNE3428-KR-XXL|5|4
JNE3363|JNE3363-KR-1032-S|5|4
JNE3535|JNE3535-KR-XXL|5|4
JNE3729|JNE3729-KR-XXL|5|4
JNE3225|JNE3225-KR-XL|5|4
BTM043|BTM043-PP-XL|5|4
JNE3429|JNE3429-KR-XL|5|4
JNE3788|JNE3788-KR-XXL|5|4
BTM038|BTM038-PP-M|5|4
JNE3624|JNE3624-KR-M|5|4
JNE3785|JNE3785-KR-S|5|4
BTM038|BTM038-PP-L|5|4
JNE3805|JNE3805-KR-XXL|5|4
JNE2266|JNE2266-KR-490-XL|5|4
JNE3428|JNE3428-KR-L|5|4
JNE3788|JNE3788-KR-M|5|4
JNE3065|JNE3065-KR-S|5|4
JNE3429|JNE3429-KR-M|5|4
JNE3363|JNE3363-KR-1032-L|5|4
JNE3680|JNE3680-TU-XL|5|4
JNE3788|JNE3788-KR-XL|5|4
JNE2266|JNE2266-KR-490-M|5|4
JNE3449|JNE3449-KR-XXL|5|4
JNE3751|JNE3751-KR-S|5|4
JNE3363|JNE3363-KR-1032-XL|5|4
J0344|J0344-TP-XL|5|4
JNE3805|JNE3805-KR-L|5|4
JNE3751|JNE3751-KR-XS|5|4
JNE3363|JNE3363-KR-1032-XXL|5|4
BTM043|BTM043-PP-M|5|4
JNE3788|JNE3788-KR-S|5|4
JNE3428|JNE3428-KR-M|5|4
J0132|J0132-KR-L|5|4
JNE3449|JNE3449-KR-S|5|4
J0132|J0132-KR-S|5|4
BTM046|BTM046-PP-M|5|4
JNE3559|JNE3559-KR-L|5|6
JNE3404|JNE3404-KR-M|5|6
BL087|BL087-M|5|6
JNE3679|JNE3679-TU-XXL|5|6
BL099|BL099-XXL|5|6
JNE3559|JNE3559-KR-XXL|5|6
J0119|J0119-TP-L|5|6
JNE3683|JNE3683-TU-XS|5|6
JNE3042|JNE3042-KR-M|5|6
JNE3697|JNE3697-KR-XXL|5|6
BTM042|BTM042-PP-XXXL|5|6
BTM032|BTM032-NP-XXXL|5|6
JNE3422|JNE3422-KR-S|5|6
BL085|BL085-L|5|6
JNE3642|JNE3642-TP-S|5|6
JNE3665|JNE3665-TP-XXL|5|6
JNE3645|JNE3645-TP-XXL|5|6
BTM047|BTM047-PP-L|5|6
JNE3693|JNE3693-KR-XL|5|6
JNE3606|JNE3606-KR-XS|5|6
JNE3576|JNE3576-KR-XXXL|5|6
JNE3261|JNE3261-KR-XXXL|5|6
JNE3565|JNE3565-KR-S|5|6
BTM027|BTM027-NP-S|5|6
BL093|BL093-L|5|6
JNE3261|JNE3261-KR-XL|5|6
J0087|J0087-TP-XL|5|6
JNE3534|JNE3534-KR-XXXL|5|6
J0091|J0091-TP-L|5|6
JNE3261|JNE3261-KR-XXL|5|6
BL093|BL093-M|5|6
BTM027|BTM027-NP-M|5|6
JNE3645|JNE3645-TP-S|5|6
BTM039|BTM039-PP-S|5|6
JNE3666|JNE3666-TP-M|5|6
BTM005|BTM005-L|5|6
J0178|J0178-TP-XXXL|5|6
J0087|J0087-TP-M|5|6
JNE3712|JNE3712-TP-S|5|6
JNE1977|JNE1977-KR-237-L|5|6
JNE1977|JNE1977-KR-237-XXL|5|6
J0292|J0292-TP-XS|5|6
JNE3660|JNE3660-TP-M|5|6
BTM031|BTM031-NP-XXXL|5|6
J0123|J0123-TP-XL|5|6
JNE3648|JNE3648-TP-L|5|6
JNE1998|JNE1998-KR-311-XXL|5|6
JNE3605|JNE3605-KR-L|5|6
JNE3624|JNE3624-KR-XL|5|6
BTM031|BTM031-NP-XXL|5|6
J0123|J0123-TP-M|5|6
JNE2101|JNE2101-KR-210-XXL|5|6
J0304|J0304-TP-XXXL|5|6
JNE3652|JNE3652-TP-XL|5|6
BL100|BL100-L|5|6
J0297|J0297-TP-L|5|6
BTM029|BTM029-NP-XXL|5|6
JNE3422|JNE3422-KR-XL|5|6
JNE3656|JNE3656-TP-XS|5|6
JNE3693|JNE3693-KR-XXL|5|6
JNE3294|JNE3294-KR-M|5|6
JNE3678|JNE3678-TU-XXXL|5|6
J0170|J0170-TP-L|5|6
JNE2014|JNE2014-KR-178-S|5|6
J0091|J0091-TP-XL|5|6
JNE3435|JNE3435-KR-XS|5|6
JNE1977|JNE1977-KR-237-XXXL|5|6
BTM003|BTM003-XL|5|6
JNE3457|JNE3457-KR-XL|5|6
JNE1977|JNE1977-KR-237-S|5|6
JNE3695|JNE3695-KR-L|5|6
JNE3651|JNE3651-TP-XXL|5|6
JNE3668|JNE3668-TP-XL|5|6
JNE3537|JNE3537-KR-L|5|6
JNE3497|JNE3497-KR-S|5|6
JNE3553|JNE3553-KR-S|5|6
J0292|J0292-TP-XXXL|5|6
JNE3669|JNE3669-TU-XXL|5|6
JNE3497|JNE3497-KR-XXL|5|6
BTM003|BTM003-XXXL|5|6
BL104|BL104-M|5|6
BTM042|BTM042-PP-XXL|5|6
JNE3423|JNE3423-KR-XXXL|5|6
J0091|J0091-TP-XXL|5|6
JNE3294|JNE3294-KR-XXL|5|6
BTM042|BTM042-PP-M|5|6
JNE3687|JNE3687-TU-XL|5|6
JNE3642|JNE3642-TP-L|5|6
JNE3652|JNE3652-TP-M|5|6
JNE3605|JNE3605-KR-XS|5|6
JNE3648|JNE3648-TP-M|5|6
JNE3678|JNE3678-TU-M|5|6
JNE3644|JNE3644-TP-S|5|6
JNE3679|JNE3679-TU-M|5|6
JNE3751|JNE3751-KR-XXXL|5|6
JNE3674|JNE3674-TU-XL|5|6
JNE2101|JNE2101-KR-210-XXXL|5|6
JNE3553|JNE3553-KR-XXXL|5|6
JNE3679|JNE3679-TU-S|5|6
JNE3686|JNE3686-TU-S|5|6
JNE3497|JNE3497-KR-M|5|6
BTM047|BTM047-PP-XXXL|5|6
JNE3684|JNE3684-TU-XXL|5|6
JNE3441|JNE3441-KR-XXXL|5|6
JNE3423|JNE3423-KR-L|5|6
JNE2032|JNE2032-KR-205-L|5|6
JNE2009|JNE2009-KR-310-S|5|6
JNE3489|JNE3489-KR-XXXL|5|6
JNE3261|JNE3261-KR-S|5|6
JNE3553|JNE3553-KR-XXL|5|6
J0172|J0172-TP-XXXL.|5|6
JNE3678|JNE3678-TU-XS|5|6
BL087|BL087-L|5|6
JNE3693|JNE3693-KR-L|5|6
BTM047|BTM047-PP-XXL|5|6
JNE3571|JNE3571-KR-S|5|6
JNE3684|JNE3684-TU-L|5|6
JNE3443|JNE3443-KR-L|5|6
JNE3666|JNE3666-TP-S|5|6
JNE3422|JNE3422-KR-XXL|5|6
BTM002|BTM002-L|5|6
BTM027|BTM027-NP-XS|5|6
JNE3679|JNE3679-TU-XL|5|6
BTM002|BTM002-XS|5|6
JNE3422|JNE3422-KR-M|5|6
JNE3642|JNE3642-TP-XXL|5|6
JNE3489|JNE3489-KR-XS|5|6
JNE3622|JNE3622-KR-XXXL|5|6
JNE3616|JNE3616-KR-L|5|6
J0301|J0301-TP-XXXL|5|6
J0307|J0307-TP-XXL|5|6
J0073|J0073-KR-L|5|6
JNE3787|JNE3787-KR-XL|5|6
JNE3545|JNE3545-KR-XL|5|6
JNE3366|JNE3366-KR-1053-XXXL|5|6
JNE3364|JNE3364-KR-1051-XXXL|5|6
JNE3616|JNE3616-KR-XXL|5|6
JNE2101|JNE2101-KR-210-M|5|6
J0337|J0337-TP-L|5|6
BTM026|BTM026-NP-L|5|6
JNE3366|JNE3366-KR-1053-L|5|6
JNE3365|JNE3365-KR-1052-XXL|5|6
J0132|J0132-KR-XL|5|6
JNE3366|JNE3366-KR-1053-M|5|6
JNE3773|JNE3773-KR-L|5|6
JNE3366|JNE3366-KR-1053-S|5|6
JNE3366|JNE3366-KR-1053-XXL|5|6
JNE3365|JNE3365-KR-1052-XXXL|5|6
J0133|J0133-KR-XXL|5|6
J0024|J0024-KR-XS|5|6
JNE3785|JNE3785-KR-L|5|6
J0132|J0132-KR-XXL|5|6
JNE3669|JNE3669-TU-M|5|8
BL078|BL078-87BLACK|5|8
JNE3441|JNE3441-KR-M|5|8
JNE3488|JNE3488-KR-M|5|8
JNE3507|JNE3507-KR-S|5|8
JNE3627|JNE3627-KR-XS|5|8
JNE3445|JNE3445-KR-XXXL|5|8
JNE1998|JNE1998-KR-311-M|5|8
JNE3686|JNE3686-TU-M|5|8
JNE3659|JNE3659-TP-M|5|8
JNE1998|JNE1998-KR-311-XL|5|8
JNE3445|JNE3445-KR-M|5|8
JNE3678|JNE3678-TU-XL|5|8
JNE1977|JNE1977-KR-237-M|5|8
JNE3261|JNE3261-KR-M|5|8
JNE3575|JNE3575-KR-L|5|8
JNE2100|JNE2100-KR-144-M|5|8
JNE3363|JNE3363-KR-1032-M|5|8
BTM021|BTM021-XL|5|8
JNE2032|JNE2032-KR-205-XL|5|8
BTM039|BTM039-PP-L|5|8
JNE3420|JNE3420-KR-XXL|5|8
BL099|BL099-XL|5|8
JNE3488|JNE3488-KR-XXXL|5|8
JNE3553|JNE3553-KR-L|5|8
JNE3570|JNE3570-KR-L|5|8
JNE3669|JNE3669-TU-XXXL|5|8
JNE3560|JNE3560-KR-S|5|8
JNE3423|JNE3423-KR-XXL|5|8
BL020|BL020-71RED|5|8
JNE3605|JNE3605-KR-S|5|8
JNE3405|JNE3405-KR-XS|5|8
JNE3428|JNE3428-KR-XL|5|8
JNE3630|JNE3630-KR-S|5|8
JNE3439|JNE3439-KR-S|5|8
JNE3785|JNE3785-KR-XXL|5|8
JNE3679|JNE3679-TU-L|5|8
JNE1998|JNE1998-KR-311-S|5|8
JNE3566|JNE3566-KR-S|5|8
JNE3695|JNE3695-KR-XL|5|8
BL104|BL104-XL|5|8
JNE3571|JNE3571-KR-XXXL|5|8
JNE3557|JNE3557-KR-XXL|5|8
JNE3535|JNE3535-KR-L|5|8
JNE3528|JNE3528-KR-L|5|8
JNE3575|JNE3575-KR-XL|5|8
JNE3630|JNE3630-KR-XXL|5|8
JNE3441|JNE3441-KR-S|5|8
JNE3659|JNE3659-TP-XXL|5|8
JNE3567|JNE3567-KR-S|5|8
JNE3630|JNE3630-KR-XL|5|8
JNE3561|JNE3561-KR-XXXL|5|8
JNE3568|JNE3568-KR-S|5|8
JNE3642|JNE3642-TP-XL|5|8
JNE3252|JNE3252-KR-M|5|8
JNE3261|JNE3261-KR-L|5|8
JNE3528|JNE3528-KR-XXXL|5|8
J0120|J0120-TP-S|5|8
JNE3528|JNE3528-KR-XXL|5|8
JNE3645|JNE3645-TP-L|5|8
JNE3687|JNE3687-TU-XXXL|5|8
JNE3441|JNE3441-KR-XXL|5|8
JNE3564|JNE3564-KR-XXXL|5|8
JNE3225|JNE3225-KR-M|5|8
BTM005|BTM005-XXXL|5|8
BL084|BL084-187GOLD|5|8
JNE3434|JNE3434-KR-XXXL|5|8
JNE3642|JNE3642-TP-M|5|8
JNE3528|JNE3528-KR-XL|5|8
JNE3678|JNE3678-TU-S|5|8
BTM046|BTM046-PP-L|5|8
JNE3667|JNE3667-TP-XXL|5|8
J0120|J0120-TP-XS|5|8
JNE3420|JNE3420-KR-XL|5|8
JNE3546|JNE3546-KR-XXL|5|8
JNE3667|JNE3667-TP-XL|5|8
BTM039|BTM039-PP-M|5|8
J0307|J0307-TP-M|5|8
JNE3479|JNE3479-KR-M|5|8
J0297|J0297-TP-XXL|5|8
JNE3225|JNE3225-KR-S|5|8
JNE3641|JNE3641-TP-L|5|8
JNE3639|JNE3639-TP-L|5|8
BL030|BL030-78BEIGE|5|8
BTM021|BTM021-XXL|5|8
BTM002|BTM002-XXL|5|8
JNE3805|JNE3805-KR-XL|5|8
J0297|J0297-TP-XS|5|8
JNE3713|JNE3713-TP-S|5|8
JNE3628|JNE3628-KR-L|5|8
BTM008|BTM008-XXL|5|8
JNE3042|JNE3042-KR-XL|5|8
PJNE3568|PJNE3568-KR-4XL|5|8
JNE3528|JNE3528-KR-M|5|8
JNE3428|JNE3428-KR-S|5|8
JNE3449|JNE3449-KR-L|5|8
JNE3565|JNE3565-KR-L|5|10
JNE3534|JNE3534-KR-XXL|5|10
J0178|J0178-TP-S|5|10
JNE2100|JNE2100-KR-144-XXXL|5|10
JNE3568|JNE3568-KR-XXL|5|10
JNE3656|JNE3656-TP-S|5|10
JNE3713|JNE3713-TP-XL|5|10
JNE3534|JNE3534-KR-M|5|10
JNE3365|JNE3365-KR-1052-S|5|10
JNE3678|JNE3678-TU-L|5|10
JNE3574|JNE3574-KR-S|5|10
J0297|J0297-TP-XXXL|5|10
PJNE3568|PJNE3568-KR-5XL|5|10
JNE3534|JNE3534-KR-S|5|10
JNE3441|JNE3441-KR-XL|5|10
JNE3657|JNE3657-TP-XL|5|10
JNE3567|JNE3567-KR-XXXL|5|10
BTM027|BTM027-NP-L|5|10
JNE3722|JNE3722-KR-XXXL|5|10
JNE3565|JNE3565-KR-M|5|10
BTM002|BTM002-XXXL|5|10
JNE3559|JNE3559-KR-XL|5|10
JNE3565|JNE3565-KR-XXL|5|10
JNE3568|JNE3568-KR-L|5|10
JNE1977|JNE1977-KR-237-XL|5|10
JNE3667|JNE3667-TP-L|5|10
JNE3404|JNE3404-KR-XL|5|10
JNE3557|JNE3557-KR-S|5|10
JNE3605|JNE3605-KR-XL|5|10
J0131|J0131-KR-L|5|10
JNE3445|JNE3445-KR-L|5|10
JNE3535|JNE3535-KR-XL|5|10
JNE1998|JNE1998-KR-311-L|5|10
J0120|J0120-TP-XL|5|10
JNE2100|JNE2100-KR-144-XXL|5|10
JNE3534|JNE3534-KR-L|5|10
JNE3680|JNE3680-TU-L|5|10
JNE3716|JNE3716-KR-XXXL|5|10
JNE3679|JNE3679-TU-XXXL|5|10
JNE3722|JNE3722-KR-S|5|10
JNE3669|JNE3669-TU-XL|5|10
JNE2009|JNE2009-KR-310-M|5|10
J0120|J0120-TP-XXXL|5|10
J0178|J0178-TP-XL|5|10
BTM031|BTM031-NP-L|5|10
JNE3622|JNE3622-KR-XXL|5|10
JNE3252|JNE3252-KR-XL|5|10
BTM042|BTM042-PP-L|5|10
JNE3365|JNE3365-KR-1052-XL.|5|10
JNE3547|JNE3547-KR-S|5|10
J0118|J0118-TP-XXXL|5|10
JNE3435|JNE3435-KR-XXXL|5|10
JNE3680|JNE3680-TU-XXL|5|10
JNE3534|JNE3534-KR-XL|5|10
BTM047|BTM047-PP-XL|5|10
JNE3557|JNE3557-KR-XL|5|10
JNE2100|JNE2100-KR-144-L|5|10
JNE3712|JNE3712-TP-L|5|10
JNE3640|JNE3640-TP-XS|5|10
JNE3575|JNE3575-KR-XXL|5|10
JNE3546|JNE3546-KR-XXXL|5|10
JNE2101|JNE2101-KR-210-L|5|10
JNE3364|JNE3364-KR-1051-M|5|10
JNE3641|JNE3641-TP-M|5|10
JNE3676|JNE3676-TU-XXL|5|10
J0292|J0292-TP-XXL|5|10
JNE3366|JNE3366-KR-1053-XL|5|10
JNE3479|JNE3479-KR-L|5|10
JNE3548|JNE3548-KR-XS|5|10
JNE3651|JNE3651-TP-XS|5|10
JNE3576|JNE3576-KR-XS|5|10
JNE3667|JNE3667-TP-S|5|10
JNE3716|JNE3716-KR-XL|5|10
JNE3568|JNE3568-KR-M|5|10
JNE3576|JNE3576-KR-S|5|10
JNE3605|JNE3605-KR-M|5|10
JNE3568|JNE3568-KR-XL|5|10
BTM042|BTM042-PP-XL|5|10
JNE3479|JNE3479-KR-S|5|10
JNE3422|JNE3422-KR-L|5|10
JNE3480|JNE3480-KR-S|5|10
JNE3480|JNE3480-KR-XL|5|10
J0344|J0344-TP-L|5|10
JNE3365|JNE3365-KR-1052-M|5|12
JNE3567|JNE3567-KR-XXL|5|12
J0178|J0178-TP-M|5|12
JNE3697|JNE3697-KR-L|5|12
JNE3676|JNE3676-TU-XL|5|12
JNE3557|JNE3557-KR-L|5|12
JNE3555|JNE3555-KR-XS|5|12
JNE3564|JNE3564-KR-M|5|12
JNE3628|JNE3628-KR-XL|5|12
JNE3571|JNE3571-KR-L|5|12
JNE2014|JNE2014-KR-178-XXXL|5|12
JNE3434|JNE3434-KR-M|5|12
JNE3564|JNE3564-KR-S|5|12
JNE2100|JNE2100-KR-144-XL|5|12
JNE3421|JNE3421-KR-XL|5|12
JNE3630|JNE3630-KR-L|5|12
JNE3687|JNE3687-TU-M|5|12
BTM005|BTM005-XL|5|12
JNE3561|JNE3561-KR-M|5|12
JNE3421|JNE3421-KR-XXL|5|12
JNE2101|JNE2101-KR-210-S|5|12
JNE3364|JNE3364-KR-1051-S|5|12
JNE3571|JNE3571-KR-XXL|5|12
JNE3420|JNE3420-KR-L|5|12
JNE3421|JNE3421-KR-M|5|12
PJNE3405|PJNE3405-KR-4XL|5|12
PJNE3405|PJNE3405-KR-6XL|5|12
JNE3434|JNE3434-KR-XL|5|12
JNE3667|JNE3667-TP-M.|5|12
JNE3479|JNE3479-KR-XL|5|12
J0300|J0300-TP-L|5|12
JNE3445|JNE3445-KR-XXL|5|12
JNE2014|JNE2014-KR-178-M|5|12
JNE3384|JNE3384-KR-S|5|12
JNE3683|JNE3683-TU-M|5|12
JNE2009|JNE2009-KR-310-XXL|5|12
JNE3686|JNE3686-TU-XXXL|5|12
JNE3630|JNE3630-KR-M|5|12
JNE1525|KURTI|5|12
JNE3364|JNE3364-KR-1051-L|5|12
JNE3439|JNE3439-KR-XXXL|5|12
JNE2009|JNE2009-KR-310-L|5|12
JNE3665|JNE3665-TP-S|5|12
JNE3659|JNE3659-TP-XL|5|12
JNE3556|JNE3556-KR-XXXL|5|12
JNE3683|JNE3683-TU-S|5|12
BTM005|BTM005-M|5|12
JNE2101|JNE2101-KR-210-XL|5|12
JNE3566|JNE3566-KR-M|5|12
JNE3648|JNE3648-TP-XL|5|12
JNE3639|JNE3639-TP-XL|5|12
JNE3480|JNE3480-KR-L|5|12
JNE3480|JNE3480-KR-M|5|12
JNE3701|JNE3701-KR-M|5|12
JNE3565|JNE3565-KR-XXXL|5|14
JNE3547|JNE3547-KR-XXXL|5|14
JNE3574|JNE3574-KR-M|5|14
JNE3651|JNE3651-TP-S|5|14
JNE3683|JNE3683-TU-XXL|5|14
JNE3651|JNE3651-TP-XL|5|14
BTM027|BTM027-NP-XL|5|14
JNE3622|JNE3622-KR-S|5|14
JNE3656|JNE3656-TP-L|5|14
J0172|J0172-TP-S|5|14
JNE3547|JNE3547-KR-M|5|14
JNE3440|JNE3440-KR-XXXL|5|14
JNE3445|JNE3445-KR-XL|5|14
JNE3554|JNE3554-KR-M|5|14
JNE3665|JNE3665-TP-M|5|14
JNE3651|JNE3651-TP-M|5|14
J0118|J0118-TP-XS|5|14
JNE3384|JNE3384-KR-M|5|14
JNE3639|JNE3639-TP-XXL|5|14
JNE3421|JNE3421-KR-L|5|14
JNE3434|JNE3434-KR-S|5|14
JNE3365|JNE3365-KR-1052-L|5|14
JNE3640|JNE3640-TP-S|5|14
JNE3669|JNE3669-TU-L|5|14
JNE2014|JNE2014-KR-178-XXL|5|14
JNE3574|JNE3574-KR-XXL|5|14
JNE3687|JNE3687-TU-L|5|14
JNE3384|JNE3384-KR-XXXL|5|14
JNE3683|JNE3683-TU-L|5|14
JNE3567|JNE3567-KR-XL|5|14
BTM002|BTM002-S|5|14
JNE3668|JNE3668-TP-S|5|14
JNE3676|JNE3676-TU-XXXL|5|14
JNE3687|JNE3687-TU-S|5|14
JNE3659|JNE3659-TP-L|5|14
JNE3554|JNE3554-KR-XXL|5|14
JNE3565|JNE3565-KR-XL|5|14
JNE3364|JNE3364-KR-1051-XXL|5|14
JNE3628|JNE3628-KR-XXL|5|14
JNE3364|JNE3364-KR-1051-XL|5|14
JNE3656|JNE3656-TP-M|5|14
JNE3701|JNE3701-KR-L|5|14
JNE3701|JNE3701-KR-XL|5|16
JNE3561|JNE3561-KR-XL|5|16
JNE3571|JNE3571-KR-M|5|16
JNE3435|JNE3435-KR-S|5|16
JNE3697|JNE3697-KR-M|5|16
JNE3574|JNE3574-KR-L|5|16
JNE3571|JNE3571-KR-XL|5|16
J0178|J0178-TP-XXL|5|16
JNE3676|JNE3676-TU-S|5|16
JNE3553|JNE3553-KR-XL|5|16
J0178|J0178-TP-L|5|16
JNE3676|JNE3676-TU-L|5|16
JNE3547|JNE3547-KR-XXL|5|16
JNE3627|JNE3627-KR-M|5|16
JNE3656|JNE3656-TP-XL|5|16
JNE3560|JNE3560-KR-XXL|5|16
JNE2014|JNE2014-KR-178-L|5|16
J0172|J0172-TP-XXL|5|16
JNE3434|JNE3434-KR-XXL|5|16
JNE3564|JNE3564-KR-XXL|5|16
JNE2009|JNE2009-KR-310-XL|5|16
JNE3546|JNE3546-KR-S|5|16
JNE3627|JNE3627-KR-S|5|16
JNE3556|JNE3556-KR-L|5|16
JNE3554|JNE3554-KR-XL|5|16
JNE3556|JNE3556-KR-M|5|16
JNE3405|JNE3405-KR-XXXL|5|16
JNE3439|JNE3439-KR-M|5|16
JNE3701|JNE3701-KR-S|5|16
JNE3557|JNE3557-KR-M|5|16
J0120|J0120-TP-M|5|16
JNE3560|JNE3560-KR-L|5|18
JNE3640|JNE3640-TP-XL|5|18
JNE3560|JNE3560-KR-M|5|18
JNE3384|JNE3384-KR-XXL|5|18
JNE3716|JNE3716-KR-M|5|18
JNE3640|JNE3640-TP-L|5|18
JNE3651|JNE3651-TP-L|5|18
BTM002|BTM002-XL|5|18
JNE3668|JNE3668-TP-L|5|18
JNE3683|JNE3683-TU-XXXL|5|18
JNE3435|JNE3435-KR-M|5|18
JNE3722|JNE3722-KR-L|5|18
J0172|J0172-TP-XL|5|18
JNE3722|JNE3722-KR-M|5|18
JNE3434|JNE3434-KR-L|5|18
JNE3640|JNE3640-TP-M|5|18
J0172|J0172-TP-M|5|18
JNE3686|JNE3686-TU-XXL|5|18
JNE3716|JNE3716-KR-XXL|5|18
PJNE3405|PJNE3405-KR-5XL|5|18
JNE3547|JNE3547-KR-XL|5|18
JNE3556|JNE3556-KR-S|5|18
JNE3574|JNE3574-KR-XL|5|18
JNE3656|JNE3656-TP-XXL|5|18
JNE3716|JNE3716-KR-S|5|18
JNE3640|JNE3640-TP-XXL|5|18
JNE3556|JNE3556-KR-XL|5|18
JNE3439|JNE3439-KR-XXL|5|20
JNE3556|JNE3556-KR-XXL|5|20
JNE3546|JNE3546-KR-L|5|20
JNE3576|JNE3576-KR-L|5|20
JNE3435|JNE3435-KR-XL|5|20
JNE3546|JNE3546-KR-M|5|20
JNE3627|JNE3627-KR-L|5|20
BTM002|BTM002-M|5|20
JNE3435|JNE3435-KR-XXL|5|20
JNE3547|JNE3547-KR-L|5|20
JNE3668|JNE3668-TP-M|5|20
JNE2014|JNE2014-KR-178-XL|5|20
J0118|J0118-TP-S|5|20
JNE3405|JNE3405-KR-S|5|20
JNE3697|JNE3697-KR-XL|5|20
JNE3439|JNE3439-KR-L|5|20
JNE3627|JNE3627-KR-XXL|5|20
JNE3627|JNE3627-KR-XL|5|20
JNE3439|JNE3439-KR-XL|5|20
JNE3567|JNE3567-KR-L|5|20
JNE3564|JNE3564-KR-L|5|20
JNE3576|JNE3576-KR-M|5|20
JNE3564|JNE3564-KR-XL|5|20
JNE3627|JNE3627-KR-XXXL|5|22
JNE3665|JNE3665-TP-L|5|22
JNE3489|JNE3489-KR-XXL|5|22
JNE3678|JNE3678-TU-XXL|5|22
JNE3384|JNE3384-KR-XL|5|22
JNE3622|JNE3622-KR-XL|5|22
JNE3384|JNE3384-KR-L|5|22
JNE3687|JNE3687-TU-XXL|5|22
JNE3622|JNE3622-KR-M|5|22
JNE3554|JNE3554-KR-L|5|22
J0118|J0118-TP-M|5|22
JNE3722|JNE3722-KR-XXL|5|24
JNE3622|JNE3622-KR-L|5|24
J0120|J0120-TP-XXL|5|24
JNE3716|JNE3716-KR-L|5|24
JNE3722|JNE3722-KR-XL|5|24
JNE3548|JNE3548-KR-XXL|5|24
JNE3554|JNE3554-KR-S|5|24
J0118|J0118-TP-XL|5|24
JNE3435|JNE3435-KR-L|5|24
JNE3576|JNE3576-KR-XL|5|26
J0172|J0172-TP-L|5|26
JNE3546|JNE3546-KR-XL|5|26
JNE3548|JNE3548-KR-XXXL|5|26
JNE3489|JNE3489-KR-S|5|26
JNE3555|JNE3555-KR-XXXL|5|26
JNE3405|JNE3405-KR-XXL|5|26
J0120|J0120-TP-L|5|26
JNE3440|JNE3440-KR-S|5|28
J0118|J0118-TP-L|5|28
JNE3548|JNE3548-KR-L|5|28
JNE3548|JNE3548-KR-S|5|28
JNE3676|JNE3676-TU-M|5|28
JNE3405|JNE3405-KR-L|5|28
JNE3555|JNE3555-KR-S.|5|30
JNE3440|JNE3440-KR-XXL|5|30
JNE3489|JNE3489-KR-L|5|30
JNE3567|JNE3567-KR-M|5|30
JNE3576|JNE3576-KR-XXL|5|30
JNE3555|JNE3555-KR-XXL|5|32
J0118|J0118-TP-XXL|5|32
JNE3440|JNE3440-KR-M|5|32
JNE3405|JNE3405-KR-XL|5|32
JNE3440|JNE3440-KR-XL|5|34
JNE3560|JNE3560-KR-XL|5|34
JNE3489|JNE3489-KR-M|5|36
JNE3405|JNE3405-KR-M|5|36
JNE3489|JNE3489-KR-XL|5|36
JNE3555|JNE3555-KR-XL|5|38
JNE3548|JNE3548-KR-M|5|40
JNE3548|JNE3548-KR-XL|5|40
JNE3555|JNE3555-KR-M|5|42
JNE3440|JNE3440-KR-L|5|44
JNE3555|JNE3555-KR-L|5|46
TAGS|TAGS|4|1
J0281|J0281-SKD-L|4|2
J0011|J0011-LCD-S|4|2
SET258|SET258-KR-PP-XXXL|4|2
J0127|J0127-SKD-XXXL|4|2
SET280|SET280-KR-PP-XXL|4|2
J0007|J0007-SKD-XL|4|2
SET254|SET254-KR-NP-XXXL|4|2
J0077|J0077-SKD-XXXL|4|2
SET280|SET280-KR-PP-XL|4|2
J0233|J0233-SKD-L|4|2
J0236|J0236-SKD-XS|4|2
J0240|J0240-SKD-S|4|2
J0240|J0240-SKD-M|4|2
J0108|J0108-SKD-XXL|4|2
J0281|J0281-SKD-S|4|2
J0008|J0008-SKD-XS|4|2
J0079|J0079-SKD-S.|4|2
J0239|J0239-SKD-XL|4|2
J0078|J0078-SET-S|4|2
J0239|J0239-SKD-XXL|4|2
J0092|J0092-SET-XL|4|2
J0004|J0004-SKD-XXL|4|2
J0013|J0013-SKD-XL|4|2
J0004|J0004-SKD-XL|4|2
J0279|J0279-SET-XXXL|4|2
SET014|SET014-KR-PP-S|4|2
J0244|J0244-SKD-M|4|2
J0110|J0110-SKD-XL|4|2
J0092|J0092-SET-S|4|2
SET172|SET172-KR-PP-XXXL|4|2
J0239|J0239-SKD-S|4|2
J0078|J0078-SET-XXXL|4|2
J0281|J0281-SKD-XL|4|2
SET097|SET097-KR-PP-S|4|2
J0008|J0008-SKD-S|4|2
J0186|J0186-SET-XL|4|2
J0240|J0240-SKD-XXXL|4|2
J0281|J0281-SKD-XXL|4|2
J0234|J0234-SKD-XXL|4|2
J0126|J0126-SKD-XXXL|4|2
J0240|J0240-SKD-XXL|4|2
J0186|J0186-SET-L|4|2
J0186|J0186-SET-S|4|2
SET219|SET219-KR-PP-XXL|4|2
J0077|J0077-SKD-XXL|4|2
J0004|J0004-SKD-S|4|2
J0241|J0241-SKD-XS|4|2
J0238|J0238-LCD-M|4|2
J0092|J0092-SET-XXXL|4|2
SET097|SET097-KR-PP-M|4|2
J0007|J0007-SKD-S|4|2
J0240|J0240-SKD-L|4|2
J0244|J0244-SKD-XL|4|2
J0186|J0186-SET-M|4|2
J0110|J0110-SKD-XXL|4|2
J0092|J0092-SET-M|4|2
J0007|J0007-SKD-XXXL|4|2
J0127|J0127-SKD-S|4|2
SET280|SET280-KR-PP-L|4|2
J0013|J0013-SKD-XXXL|4|2
SET276|SET276-KR-PP-M|4|2
J0240|J0240-SKD-XL|4|2
J0230|J0230-SKD-XL|4|2
J0234|J0234-SKD-L|4|2
J0007|J0007-SKD-XXL|4|2
J0246|J0246-SKD-XS|4|2
SET220|SET220-KR-PP-XXL|4|2
SET014|SET014-KR-PP-XXL|4|2
J0092|J0092-SET-XXL|4|2
SET097|SET097-KR-PP-L|4|2
J0110|J0110-SKD-XXXL|4|2
SET271|SET271-KR-NP-XL|4|2
SET277|SET277-KR-NP-XXXL|4|2
J0110|J0110-SKD-L|4|2
J0285|J0285-SKD-XXL|4|2
J0281|J0281-SKD-XXXL|4|2
J0079|J0079-SKD-M|4|2
J0239|J0239-SKD-XS|4|2
SET254|SET254-KR-NP-S|4|2
SET271|SET271-KR-NP-L|4|2
J0281|J0281-SKD-XS|4|2
J0279|J0279-SET-L|4|2
J0110|J0110-SKD-S|4|2
J0127|J0127-SKD-M|4|2
SET219|SET219-KR-PP-L|4|2
J0126|J0126-SKD-XXL|4|2
J0078|J0078-SET-M|4|2
J0232|J0232-SKD-XL|4|2
SET087|SET087-KR-PP-L|4|2
SET301|SET301-KR-PP-XL|4|2
SET338|SET338-KR-NP-M|4|2
SET388|SET388-KR-NP-S|4|2
J0381|J0381-SKD-XL|4|2
SET388|SET388-KR-NP-XS|4|2
SET388|SET388-KR-NP-XXXL|4|2
LABEL MANUF.CHRAGE|LABEL MANUF.CHRAGE|4|2
LABEL CHARGE|LABEL CHARGE|4|3
J0379|J0379-SKD-L|4|4
J0077|J0077-SKD-M|4|4
SET350|SET350-KR-NP-XXL|4|4
SET355|SET355-KR-PP-XXXL|4|4
J0004|J0004-SKD-XS|4|4
J0279|J0279-SET-M|4|4
SET278|SET278-KR-NP-XL|4|4
SET217|SET217-KR-PP-M|4|4
J0370|J0370-SKD-XXL|4|4
SET317|SET317-KR-PP-XXL|4|4
SET277|SET277-KR-NP-M|4|4
J0102|J0102-XXL|4|4
J0382|J0382-SKD-XXL|4|4
SET317|SET317-KR-PP-S|4|4
SET394|SET394-KR-NP-XXL|4|4
J0186|J0186-SET-XXXL|4|4
J0002|J0002-SKD-XS|4|4
SET337|SET337-KR-NP-L|4|4
SET397|SET397-KR-NP-XS|4|4
J0078|J0078-SET-XXL|4|4
SET355|SET355-KR-PP-XXL|4|4
J0369|J0369-SKD-L|4|4
J0372|J0372-SKD-L|4|4
J0162|J0162-SKD-M|4|4
SET337|SET337-KR-NP-XXL|4|4
SET355|SET355-KR-PP-M|4|4
J0103|J0103-SKD-S|4|4
SET258|SET258-KR-PP-XS|4|4
SET304|SET304-KR-DPT-XXL|4|4
SET358|SET358-KR-NP-S|4|4
J0101|J0101-DR-XL|4|4
SET271|SET271-KR-NP-XXL|4|4
SET395|SET395-KR-NP-XXL|4|4
J0092|J0092-SET-L|4|4
J0375|J0375-SKD-XS|4|4
SET341|SET341-KR-NP-XXL|4|4
SET394|SET394-KR-NP-S|4|4
SET171|SET171-KR-NP-M|4|4
SET350|SET350-KR-NP-S|4|4
J0008|J0008-SKD-M|4|4
SET358|SET358-KR-NP-XS|4|4
J0013|J0013-SKD-XXL|4|4
J0078|J0078-SET-XL|4|4
SET342|SET342-KR-NP-S|4|4
J0226|J0226-SKD-XS|4|4
J0224|J0224-SKD-XS|4|4
J0224|J0224-SKD-XXL|4|4
J0224|J0224-SKD-S|4|4
SET317|SET317-KR-PP-XL|4|4
SET378|SET378-KR-NP-M|4|4
SET304|SET304-KR-DPT-M|4|4
SET343|SET343-KR-NP-XXL|4|4
J0235|J0235-SKD-S|4|4
J0232|J0232-SKD-L|4|4
SET342|SET342-KR-NP-XS|4|4
SET349|SET349-KR-NP-L|4|4
J0101|J0101-DR-XXL|4|4
J0230|J0230-SKD-S|4|4
J0226|J0226-SKD-M|4|4
SET337|SET337-KR-NP-XS|4|4
J0225|J0225-SKD-XXXL|4|4
SET342|SET342-KR-NP-XXL|4|4
SET348|SET348-KR-NP-XS|4|4
SET313|SET313-KR-NP-L|4|4
SET343|SET343-KR-NP-L|4|4
J0236|J0236-SKD-XXL|4|4
J0101|J0101-DR-XXXL|4|4
SET304|SET304-KR-DPT-XXXL|4|4
J0224|J0224-SKD-M|4|4
SET342|SET342-KR-NP-M|4|4
J0079|J0079-SKD-XL|4|4
J0241|J0241-SKD-XXL|4|4
J0243|J0243-DR-XXXL|4|4
J0243|J0243-DR-XS|4|4
SET217|SET217-KR-PP-XXL|4|4
SET318|SET318-KR-SHA-S|4|4
SET343|SET343-KR-NP-S|4|4
SET337|SET337-KR-NP-M|4|4
SET317|SET317-KR-PP-XXXL|4|4
J0370|J0370-SKD-M|4|4
J0013|J0013-SKD-S|4|4
J0109|J0109-SKD-M|4|4
J0370|J0370-SKD-XL|4|4
J0244|J0244-SKD-XXL|4|4
J0011|J0011-LCD-XL|4|4
J0235|J0235-SKD-L|4|4
J0370|J0370-SKD-S|4|4
J0375|J0375-SKD-L|4|4
SET395|SET395-KR-NP-M|4|4
SET394|SET394-KR-NP-XS|4|4
SET128|SET128-KR-DH-XS|4|4
J0280|J0280-SKD-XXXL|4|4
J0282|J0282-SET-M|4|4
J0224|J0224-SKD-XXXL|4|4
J0375|J0375-SKD-M|4|4
J0375|J0375-SKD-XL|4|4
SET380|SET380-KR-NP-XXXL|4|4
J0277|J0277-SKD-XXXL|4|4
SET358|SET358-KR-NP-XXL|4|4
SET350|SET350-KR-NP-XS|4|4
SET341|SET341-KR-NP-M|4|4
SET282|SET282-KR-PP-M|4|4
J0236|J0236-SKD-S|4|4
SET171|SET171-KR-NP-L|4|4
SET349|SET349-KR-NP-XL|4|4
J0007|J0007-SKD-M|4|4
SET313|SET313-KR-NP-XXL|4|4
J0225|J0225-SKD-XS|4|4
SET397|SET397-KR-NP-XXXL|4|4
J0285|J0285-SKD-XXXL|4|4
SET254|SET254-KR-NP-XL|4|4
SET349|SET349-KR-NP-XS|4|4
J0243|J0243-DR-L|4|4
J0011|J0011-LCD-XXL|4|4
SET349|SET349-KR-NP-XXXL|4|4
J0243|J0243-DR-M|4|4
SET348|SET348-KR-NP-M|4|4
SET349|SET349-KR-NP-XXL|4|4
J0102|J0102-XL|4|4
SET397|SET397-KR-NP-XXL|4|4
J0126|J0126-SKD-XL|4|4
J0235|J0235-SKD-XXL|4|4
SET397|SET397-KR-NP-L|4|4
J0109|J0109-SKD-XL|4|4
SET172|SET172-KR-PP-S|4|4
SET337|SET337-KR-NP-S|4|4
SET355|SET355-KR-PP-XL|4|4
SET304|SET304-KR-DPT-XL|4|4
SET378|SET378-KR-NP-L|4|4
J0102|J0102-SKD-S|4|4
J0243|J0243-DR-S|4|4
J0380|J0380-SKD-L|4|4
J0226|J0226-SKD-S|4|4
J0375|J0375-SKD-XXL|4|4
SET358|SET358-KR-NP-XXXL|4|4
J0002|J0002-SKD-XL|4|4
J0011|J0011-LCD-M|4|4
J0282|J0282-SET-L|4|4
J0240|J0240-SKD-XS|4|4
J0372|J0372-SKD-M|4|4
SET301|SET301-KR-PP-L|4|4
SET350|SET350-KR-NP-XL|4|4
J0013|J0013-SKD-M|4|4
J0226|J0226-SKD-L|4|4
J0375|J0375-SKD-XXXL|4|4
J0224|J0224-SKD-XL|4|4
SET317|SET317-KR-PP-M|4|4
SET348|SET348-KR-NP-XXXL|4|4
J0285|J0285-SKD-XL|4|4
J0382|J0382-SKD-L|4|4
SET258|SET258-KR-PP-L|4|4
SET348|SET348-KR-NP-XXL|4|4
SET380|SET380-KR-NP-XS|4|4
J0079|J0079-SKD-L|4|4
J0235|J0235-SKD-XL|4|4
J0011|J0011-LCD-L|4|4
SET349|SET349-KR-NP-S|4|4
J0102|J0102-L|4|4
J0280|J0280-SKD-XXL|4|4
J0375|J0375-SKD-S|4|4
SET397|SET397-KR-NP-S|4|4
J0239|J0239-SKD-L|4|4
J0078|J0078-SET-L|4|4
J0371|J0371-SKD-M|4|4
J0002|J0002-SKD-XXXL|4|4
J0186|J0186-SET-XS|4|4
J0380|J0380-SKD-XXL|4|4
J0226|J0226-SKD-XXXL|4|4
SET304|SET304-KR-DPT-XS|4|4
SET394|SET394-KR-NP-XXXL|4|4
J0101|J0101-DR-M|4|4
J0379|J0379-SKD-XXL|4|4
J0369|J0369-SKD-S|4|4
SET397|SET397-KR-NP-M|4|4
SET317|SET317-KR-PP-XS|4|4
J0224|J0224-SKD-L|4|4
SET276|SET276-KR-PP-S|4|4
SET317|SET317-KR-PP-L|4|4
SET350|SET350-KR-NP-XXXL|4|4
SET342|SET342-KR-NP-XL|4|4
SET350|SET350-KR-NP-M|4|4
SET258|SET258-KR-PP-S|4|4
J0102|J0102-S|4|4
J0235|J0235-SKD-XXXL|4|4
SET278|SET278-KR-NP-XXXL|4|4
SET343|SET343-KR-NP-XS|4|4
SET217|SET217-KR-PP-XL|4|4
J0103|J0103-SKD-XXL|4|4
J0246|J0246-SKD-S|4|4
J0237|J0237-SKD-XS|4|4
SET350|SET350-KR-NP-L|4|4
SET277|SET277-KR-NP-XXL|4|4
SET337|SET337-KR-NP-XL|4|4
SET349|SET349-KR-NP-M|4|4
J0243|J0243-DR-XXL|4|4
J0279|J0279-SET-S|4|4
J0014|J0014-LCD-XS|4|4
J0008|J0008-SKD-XL|4|4
J0226|J0226-SKD-XL|4|4
J0235|J0235-SKD-M|4|4
J0101|J0101-DR-S|4|4
SET258|SET258-KR-PP-XL|4|4
SET342|SET342-KR-NP-XXXL|4|4
J0102|J0102-M|4|4
SET336|SET336-KR-NP-L|4|4
J0109|J0109-SKD-XS|4|4
SET358|SET358-KR-NP-L|4|4
SET394|SET394-KR-NP-XL|4|4
SET396|SET396-KR-PP-S|4|4
SET396|SET396-KR-PP-XL|4|4
SET396|SET396-KR-PP-XXL|4|4
SET396|SET396-KR-PP-M|4|4
SET388|SET388-KR-NP-L|4|4
SET388|SET388-KR-NP-XXL|4|4
SET396|SET396-KR-PP-L|4|4
J0103|J0103-SKD-L|4|6
SET172|SET172-KR-PP-XXL|4|6
SET378|SET378-KR-NP-XS|4|6
J0241|J0241-SKD-XL|4|6
J0004|J0004-SKD-L|4|6
J0127|J0127-SKD-XXL|4|6
J0129|J0129-SET-S|4|6
SET276|SET276-KR-PP-XL|4|6
J0007|J0007-SKD-L|4|6
SET378|SET378-KR-NP-XXL|4|6
J0129|J0129-SET-L|4|6
J0186|J0186-SET-XXL|4|6
J0103|J0103-SKD-M|4|6
SET378|SET378-KR-NP-XL|4|6
SET378|SET378-KR-NP-S|4|6
J0077|J0077-SKD-L|4|6
J0230|J0230-SKD-XS|4|6
J0126|J0126-SKD-S|4|6
SET276|SET276-KR-PP-XXL|4|6
J0129|J0129-SET-XL|4|6
J0277|J0277-SKD-XXL|4|6
J0246|J0246-SKD-XL|4|6
J0129|J0129-SET-M|4|6
J0241|J0241-SKD-S|4|6
J0246|J0246-SKD-XXL|4|6
J0012|J0012-SKD-XS|4|6
SET355|SET355-KR-PP-XS|4|6
J0237|J0237-SKD-XL|4|6
J0277|J0277-SKD-XS|4|6
J0284|J0284-SKD-XL|4|6
J0129|J0129-SET-XXL|4|6
SET254|SET254-KR-NP-L|4|6
J0281|J0281-SKD-M|4|6
J0236|J0236-SKD-M|4|6
SET278|SET278-KR-NP-M|4|6
J0103|J0103-SKD-XL|4|6
J0241|J0241-SKD-L|4|6
J0004|J0004-SKD-M|4|6
SET322|SET322-KR-SHA-L|4|6
SET363|SET363-KR-NP-S|4|6
J0382|J0382-SKD-M|4|6
SET393|SET393-KR-NP-XXL|4|6
SET344|SET344-KR-NP-XXL|4|6
SET224|SET224-KR-NP-XXL|4|6
J0228|J0228-SKD-S|4|6
SET388|SET388-KR-NP-XL|4|6
SET348|SET348-KR-NP-L|4|8
J0285|J0285-SKD-M|4|8
J0244|J0244-SKD-L|4|8
SET380|SET380-KR-NP-XXL|4|8
J0277|J0277-SKD-S|4|8
J0002|J0002-SKD-XXL|4|8
J0284|J0284-SKD-S|4|8
SET316|SET316-KR-DPT-XXXL|4|8
SET394|SET394-KR-NP-L|4|8
J0277|J0277-SKD-L|4|8
J0225|J0225-SKD-S|4|8
J0101|J0101-DR-L|4|8
J0236|J0236-SKD-L|4|8
SET278|SET278-KR-NP-XXL|4|8
SET342|SET342-KR-NP-L|4|8
J0002|J0002-SKD-S|4|8
J0014|J0014-LCD-XXL|4|8
J0246|J0246-SKD-XXXL|4|8
J0285|J0285-SKD-S|4|8
J0285|J0285-SKD-L|4|8
J0246|J0246-SKD-M|4|8
SET343|SET343-KR-NP-XL|4|8
SET343|SET343-KR-NP-XXXL|4|8
J0126|J0126-SKD-M|4|8
SET277|SET277-KR-NP-L|4|8
SET358|SET358-KR-NP-M|4|8
SET258|SET258-KR-PP-M|4|8
J0102|J0102-SKD-L|4|8
SET380|SET380-KR-NP-L|4|8
J0014|J0014-LCD-S|4|8
J0237|J0237-SKD-S|4|8
J0230|J0230-SKD-M|4|8
SET380|SET380-KR-NP-M|4|8
J0225|J0225-SKD-L|4|8
SET380|SET380-KR-NP-XL|4|8
SET220|SET220-KR-PP-S|4|8
J0225|J0225-SKD-XL|4|8
SET014|SET014-KR-PP-M|4|8
SET276|SET276-KR-PP-L|4|8
SET282|SET282-KR-PP-L|4|8
SET348|SET348-KR-NP-XL|4|8
J0225|J0225-SKD-XXL|4|8
SET348|SET348-KR-NP-S|4|8
J0014|J0014-LCD-XXXL|4|8
SET282|SET282-KR-PP-XXL|4|8
J0237|J0237-SKD-XXL|4|8
SET380|SET380-KR-NP-S|4|8
J0284|J0284-SKD-XXXL|4|8
J0370|J0370-SKD-XXXL|4|8
SET388|SET388-KR-NP-M|4|8
J0243|J0243-DR-XL|4|10
J0282|J0282-SET-S|4|10
J0285|J0285-SKD-XS|4|10
J0237|J0237-SKD-M|4|10
J0236|J0236-SKD-XL|4|10
J0012|J0012-SKD-S|4|10
J0077|J0077-SKD-S|4|10
SET394|SET394-KR-NP-M|4|10
SET282|SET282-KR-PP-S|4|10
J0241|J0241-SKD-M|4|10
J0002|J0002-SKD-M|4|10
J0109|J0109-SKD-L|4|10
J0284|J0284-SKD-M|4|10
SET301|SET301-KR-PP-M|4|10
SET304|SET304-KR-DPT-L|4|10
J0237|J0237-SKD-L|4|10
SET397|SET397-KR-NP-XL|4|10
SET316|SET316-KR-DPT-XXL|4|10
J0002|J0002-SKD-L|4|10
J0012|J0012-SKD-M|4|10
J0246|J0246-SKD-L|4|10
J0238|J0238-LCD-L|4|10
SET276|SET276-KR-PP-XXXL|4|10
SET358|SET358-KR-NP-XL|4|10
J0371|J0371-SKD-L|4|10
J0239|J0239-SKD-M|4|10
J0230|J0230-SKD-XXL|4|10
J0226|J0226-SKD-XXL|4|10
SET316|SET316-KR-DPT-XS|4|12
J0370|J0370-SKD-L|4|12
J0242|J0242-SKD-XXXL|4|12
J0126|J0126-SKD-L|4|12
J0284|J0284-SKD-L|4|12
SET316|SET316-KR-DPT-XL|4|12
SET343|SET343-KR-NP-M|4|12
J0225|J0225-SKD-M|4|12
SET282|SET282-KR-PP-XL|4|12
J0014|J0014-LCD-L|4|12
SET278|SET278-KR-NP-L|4|12
SET355|SET355-KR-PP-L|4|12
J0110|J0110-SKD-M|4|12
SET355|SET355-KR-PP-S|4|12
J0012|J0012-SKD-XXL|4|12
SET172|SET172-KR-PP-XL|4|12
SET378|SET378-KR-NP-XXXL|4|12
J0284|J0284-SKD-XXL|4|14
J0012|J0012-SKD-XXXL|4|14
J0277|J0277-SKD-M|4|14
J0237|J0237-SKD-XXXL|4|14
SET316|SET316-KR-DPT-L|4|14
J0242|J0242-SKD-S|4|14
J0012|J0012-SKD-XL|4|16
J0242|J0242-SKD-XS|4|16
SET316|SET316-KR-DPT-M|4|16
J0014|J0014-LCD-M|4|16
J0014|J0014-LCD-XL|4|16
SET304|SET304-KR-DPT-S|4|16
J0277|J0277-SKD-XL|4|18
J0230|J0230-SKD-L|4|18
SET316|SET316-KR-DPT-S|4|20
SET172|SET172-KR-PP-M|4|20
J0242|J0242-SKD-XL|4|20
J0242|J0242-SKD-M|4|20
J0012|J0012-SKD-L|4|22
J0242|J0242-SKD-XXL|4|24
SET172|SET172-KR-PP-L|4|26
J0242|J0242-SKD-L|4|30
J0201|J0201-TP-L|3|2
J0008|J0008-SKD-L|3|2
J0239|J0239-SKD-M|3|2
SET038|SET038-KR-PP-M|3|2
JNE2170|JNE2170-KR-436-XL|3|2
J0005|J0005-DR-M|3|2
JNE3366|JNE3366-KR-1053-M|3|2
SET228|SET228-KR-PP-L|3|2
J0284|J0284-SKD-XL|3|2
J0194|J0194-DR-L|3|2
J0283|J0283-SET-XL|3|2
SET266|SET266-KR-NP-S|3|2
JNE3554|JNE3554-KR-S|3|2
JNE3673|JNE3673-TU-L|3|2
SET266|SET266-KR-NP-XL|3|2
J0185|J0185-DR-M|3|2
SET186|SET186-KR-DH-S|3|2
SET228|SET228-KR-PP-M|3|2
JNE3523|JNE3523-KR-M|3|2
JNE3523|JNE3523-KR-XL|3|2
SET267|SET267-KR-NP-S|3|2
JNE3440|JNE3440-KR-L|3|2
JNE3674|JNE3674-TU-M|3|2
MEN5014|MEN5014-KR-S|3|2
J0185|J0185-DR-L|3|2
SET266|SET266-KR-NP-L|3|2
J0154|J0154-DR-M|3|2
SET266|SET266-KR-NP-XXXL|3|2
J0057|J0057-DR-L|3|2
JNE3839|CMB5-JNE3839|3|2
J0098|J0098-TP-XL|3|2
SET014|SET014-KR-PP-L|3|2
SET268|SET268-KR-NP-M|3|2
J0243|J0243-DR-S|3|2
J0023|J0023-TP-L|3|2
J0283|J0283-SET-S|3|2
J0166|J0166-DR-XL|3|2
J0201|J0201-TP-M|3|2
JNE3686|JNE3686-TU-L|3|2
MEN5021|MEN5021-KR-XXXL|3|2
J0098|J0098-TP-L|3|2
MEN5014|MEN5014-KR-M|3|2
SET182|SET182-KR-DH-L|3|2
SET182|SET182-KR-DH-XL|3|2
J0204|J0204-TP-M|3|2
J0057|J0057-DR-XL|3|2
JNE2170|JNE2170-KR-436-M|3|2
J0079|J0079-SKD-M|3|2
J0204|J0204-TP-L|3|2
SET171|SET171-KR-NP-L|3|2
JNE3686|JNE3686-TU-XL|3|2
JNE3846|CMB5-JNE3846|3|2
JNE3672|JNE3672-TU-XL|3|2
JNE3674|JNE3674-TU-XL|3|2
SET226|SET226-KR-PP-M|3|2
JNE3649|JNE3649-TP-L|3|2
SET254|SET254-KR-NP-S|3|2
JNE3673|JNE3673-TU-XL|3|2
J0035|J0035-KR-XL|3|2
SET171|SET171-KR-NP-S|3|2
SET014|SET014-KR-PP-XXL|3|2
SET014|SET014-KR-PP-XXXL|3|2
JNE2170|JNE2170-KR-436-L|3|2
J0279|J0279-SET-M|3|2
J0285|J0285-SKD-XXL|3|2
SET266|SET266-KR-NP-M|3|2
JNE3672|JNE3672-TU-L|3|2
J0243|J0243-DR-L|3|2
JNE3649|JNE3649-TP-M|3|2
JNE3609|JNE3609-KR-M|3|2
J0285|J0285-SKD-XL|3|2
JNE3501|JNE3501-KR-L|3|2
J0057|J0057-DR-M|3|2
JNE3609|JNE3609-KR-XL|3|2
MEN5021|MEN5021-KR-S|3|2
SET226|SET226-KR-PP-L|3|2
J0208|J0208-DR-L|3|2
SET226|SET226-KR-PP-XL|3|2
SET227|SET227-KR-PP-M|3|2
JNE3840|CMB5-JNE3840|3|2
J0001|J0001-DR-S|3|2
J0207|J0207-DR-S|3|2
J0035|J0035-KR-L|3|2
SET251|SET251-KR-PP-M|3|2
JNE3640|JNE3640-TP-L|3|2
J0185|J0185-DR-S|3|2
J0204|J0204-TP-XL|3|2
JNE3830|CMB5-JNE3830|3|2
JNE3674|JNE3674-TU-L|3|2
SET182|SET182-KR-DH-M|3|2
J0208|J0208-DR-M|3|2
J0279|J0279-SET-L|3|2
J0282|J0282-SET-S|3|2
JNE3639|JNE3639-TP-XL|3|2
SET254|SET254-KR-NP-M|3|2
JNE3672|JNE3672-TU-M|3|2
SET267|SET267-KR-NP-XXXL|3|2
J0202|J0202-TP-M|3|2
J0098|J0098-TP-M|3|2
SET038|SET038-KR-PP-S|3|2
J0154|J0154-DR-L|3|2
J0166|J0166-DR-S|3|2
SET014|SET014-KR-PP-XL|3|2
MEN5021|MEN5021-KR-XXL|3|2
JNE3523|JNE3523-KR-L|3|2
J0152|J0152-DR-S|3|2
JNE3554|JNE3554-KR-L|3|2
SET171|SET171-KR-NP-M|3|2
J0202|J0202-TP-L|3|2
J0282|J0282-SET-M|3|2
JNE3554|JNE3554-KR-XL|3|2
JNE3673|JNE3673-TU-M|3|2
J0023|J0023-TP-M|3|2
J0283|J0283-SET-M|3|2
SET227|SET227-KR-PP-L|3|2
SET266|SET266-KR-NP-XXL|3|2
JNE3686|JNE3686-TU-M|3|2
SET366|SET366-KR-NP-M|3|2
J0126|J0126-SKD-M|3|2
SET356|SET356-KR-NP-M|3|2
CMB5|CMB5-JNE3840|3|2
CMB5|CMB5-JNE3846|3|2
CMB5|CMB5-JNE3839|3|2
CMB5|CMB5-JNE3830|3|2
J0197|J0197-TP-M|3|4
J0246|J0246-SKD-S|3|4
JNE3288|JNE3288-KR-L|3|4
BTM040|BTM040-PP-XXL|3|4
J0196|J0196-TP-M|3|4
SET249|SET249-KR-NP-XL|3|4
J0012|J0012-SKD-M|3|4
J0285|J0285-SKD-S|3|4
JNE3225|JNE3225-KR-L|3|4
J0201|J0201-TP-XL|3|4
J0147|J0147-SET-M|3|4
J0279|J0279-SET-S|3|4
BTM038|BTM038-PP-XXXL|3|4
J0277|J0277-SKD-XL|3|4
J0213|J0213-TP-L|3|4
SET172|SET172-KR-PP-XXXL|3|4
JNE3288|JNE3288-KR-M|3|4
SET210|SET210-KR-PP-L|3|4
SET110|SET110-KR-PP-XL|3|4
JNE3474|JNE3474-KR-L|3|4
J0285|J0285-SKD-L|3|4
J0213|J0213-TP-M|3|4
J0009|J0009-SKD-XXL|3|4
J0242|J0242-SKD-XS|3|4
J0230|J0230-SKD-M|3|4
SET043|SET043-KR-NP-XL|3|4
SET186|SET186-KR-DH-L|3|4
SET251|SET251-KR-PP-L|3|4
JNE3474|JNE3474-KR-M|3|4
SET188|SET188-KR-NP-XL|3|4
SET110|SET110-KR-PP-M|3|4
BTM039|BTM039-PP-XXXL|3|4
J0213|J0213-TP-XL|3|4
J0277|J0277-SKD-XXL|3|4
SET244|SET244-KR-NP-M|3|4
J0130|J0130-SET-L.|3|4
MEN5021|MEN5021-KR-L|3|4
BTM039|BTM039-PP-XXL|3|4
SET043|SET043-KR-NP-M|3|4
JNE3225|JNE3225-KR-XL|3|4
J0023|J0023-TP-XL|3|4
SET186|SET186-KR-DH-M|3|4
J0094|J0094-KR-XXL|3|4
SET264|SET264-KR-NP-L|3|4
J0002|J0002-SKD-M|3|4
JNE3225|JNE3225-KR-M|3|4
J0159|J0159-DR-S|3|4
SET188|SET188-KR-NP-L|3|4
SET188|SET188-KR-NP-M|3|4
SET251|SET251-KR-PP-XL|3|4
J0246|J0246-SKD-M|3|4
BTM040|BTM040-PP-XL|3|4
SET058|SET058-KR-NP-L|3|4
SET098|SET098-KR-PP-L|3|4
BTM038|BTM038-PP-XL|3|4
SET249|SET249-KR-NP-M|3|4
JNE3640|JNE3640-TP-XL|3|4
J0285|J0285-SKD-M|3|4
J0006|J0006-SET-XS|3|4
SET264|SET264-KR-NP-S|3|4
J0196|J0196-TP-L|3|4
J0130|J0130-SET-M|3|4
SAR079|SAR079|3|4
J0197|J0197-TP-L|3|4
BTM046|BTM046-PP-XXL|3|4
JNE3288|JNE3288-KR-XL|3|4
J0097|J0097-KR-XL|3|4
J0130|J0130-SET-XL|3|4
SET186|SET186-KR-DH-XL|3|4
JNE3609|JNE3609-KR-L|3|4
J0094|J0094-KR-XL|3|4
SET210|SET210-KR-PP-XL|3|4
J0277|J0277-SKD-L|3|4
SET098|SET098-KR-PP-M|3|4
SET249|SET249-KR-NP-L|3|4
SAR086|SAR086|3|4
J0197|J0197-TP-XL|3|4
SET058|SET058-KR-NP-M|3|4
SET058|SET058-KR-NP-XL|3|4
SAR033|SAR033|3|4
JNE3474|JNE3474-KR-XL|3|4
J0012|J0012-SKD-S|3|4
SET098|SET098-KR-PP-XL|3|4
SET244|SET244-KR-NP-XL|3|4
BTM046|BTM046-PP-XXXL|3|4
SET244|SET244-KR-NP-L|3|4
J0230|J0230-SKD-S|3|4
SET264|SET264-KR-NP-XXXL|3|4
BTM039|BTM039-PP-XL|3|4
J0196|J0196-TP-XL|3|4
SET397|SET397-KR-NP-L|3|4
SET397|SET397-KR-NP-XXL|3|4
SET397|SET397-KR-NP-XL|3|4
SET397|SET397-KR-NP-XXXL|3|4
SET267|SET267-KR-NP-XXL|3|6
SET268|SET268-KR-NP-L|3|6
SET268|SET268-KR-NP-XL|3|6
J0008|J0008-SKD-S|3|6
J0230|J0230-SKD-L|3|6
J0152|J0152-DR-M|3|6
J0243|J0243-DR-M|3|6
J0008|J0008-SKD-M|3|6
SET110|SET110-KR-PP-L|3|6
SET210|SET210-KR-PP-M|3|6
SET273|SET273-KR-NP-M|3|6
J0094|J0094-KR-M|3|8
J0277|J0277-SKD-S|3|8
J0094|J0094-KR-S|3|8
SET043|SET043-KR-NP-L|3|8
SET252|SET252-KR-PP-L|3|8
J0277|J0277-SKD-M|3|12
SET198|SET198-KR-NP-XXL|2|2
JNE3457|JNE3457-KR-XXXL|2|2
JNE3577|JNE3577-KR-M|2|2
J0025|J0025-DR-XL|2|2
JNE3288|JNE3288-KR-XS|2|2
JNE3680|JNE3680-TU-S|2|2
J0083|J0083-KR-XXXL|2|2
MEN5031|MEN5031-KR-S|2|2
JNE3500|JNE3500-KR-XXXL|2|2
SET183|SET183-KR-DH-XXL|2|2
SET205|SET205-KR-DPT-M|2|2
J0083|J0083-KR-S|2|2
JNE3686|JNE3686-TU-XXXL|2|2
J0134|J0134-SET-XS|2|2
J0048|J0048-TP-L|2|2
J0161|J0161-DR-XL|2|2
MEN5031|MEN5031-KR-XXL|2|2
J0291|J0291-JS-L|2|2
J0161|J0161-DR-XXXL|2|2
SET182|SET182-KR-DH-XS|2|2
MEN5006|MEN5006-KR-XL|2|2
MEN5021|MEN5021-KR-M|2|2
JNE3568|JNE3568-KR-XXXL|2|2
NW032|NW032-ST-CP-L|2|2
SET268|SET268-KR-NP-XXXL|2|2
SET205|SET205-KR-DPT-XXXL|2|2
J0134|J0134-SET-L|2|2
J0080|J0080-TP-L|2|2
J0158|J0158-DR-L|2|2
JNE3708|JNE3708-TU-M|2|2
J0209|J0209-DR-M|2|2
J0341|J0341-DR-S|2|2
J0350|J0350-SET-XS|2|2
JNE3294|JNE3294-KR-S|2|2
SET238|SET238-KR-PP-XXXL|2|2
SET205|SET205-KR-DPT-XXL|2|2
J0144|J0144-SET-M|2|2
J0016|J0016-DR-M|2|2
JNE3463|JNE3463-KR-XS|2|2
SET205|SET205-KR-DPT-XS|2|2
NW013|NW013-ST-SR-L|2|2
J0134|J0134-SET-XL|2|2
SET260|SET260-KR-PP-L|2|2
JNE3629|JNE3629-KR-S|2|2
SET205|SET205-KR-DPT-XL|2|2
SET183|SET183-KR-DH-S|2|2
SET285|SET285-KR-SHA-M|2|2
MEN5021|MEN5021-KR-L|2|2
J0158|J0158-DR-S|2|2
J0025|J0025-DR-XXL|2|2
JNE3680|JNE3680-TU-XL|2|2
J0144|J0144-SET-XS|2|2
J0037|J0037-KR-L|2|2
SET242|SET242-KR-PP-XL|2|2
JNE3563|JNE3563-KR-S|2|2
JNE3672|JNE3672-TU-XXXL|2|2
SET268|SET268-KR-NP-XXL|2|2
J0335|J0335-DR-XXL|2|2
J0335|J0335-DR-XXXL|2|2
J0048|J0048-TP-M|2|2
SET183|SET183-KR-DH-XXXL|2|2
JNE3649|JNE3649-TP-XS|2|2
SET130|SET130-KR-NP-XXL|2|2
SET272|SET272-KR-PP-L|2|2
SET183|SET183-KR-DH-L|2|2
SET285|SET285-KR-SHA-XXL|2|2
J0083|J0083-KR-L|2|2
JNE3667|JNE3667-TP-XS|2|2
JNE3501|JNE3501-KR-XS|2|2
SET242|SET242-KR-PP-L|2|2
J0338|J0338-DR-XXL|2|2
JNE3546|JNE3546-KR-XS|2|2
J0158|J0158-DR-XXXL|2|2
JNE3294|JNE3294-KR-L|2|2
J0134|J0134-SET-XXL|2|2
SET196|SET196-KR-NP-XL|2|2
SET285|SET285-KR-SHA-L|2|2
SET285|SET285-KR-SHA-XL|2|2
SET228|SET228-KR-PP-XXL|2|2
MEN5021|MEN5021-KR-S|2|2
J0144|J0144-SET-XXL|2|2
JNE3663|JNE3663-TP-XS|2|2
JNE3506|JNE3506-KR-XS|2|2
SET198|SET198-KR-NP-XXXL|2|2
J0343|J0343-DR-L|2|2
J0144|J0144-SET-XL|2|2
J0158|J0158-DR-XL|2|2
J0138|J0138-KR-M|2|2
J0084|J0084-TP-XXXL|2|2
JNE3463|JNE3463-KR-S|2|2
J0093|J0093-DR-XS|2|2
SET183|SET183-KR-DH-XS|2|2
J0338|J0338-DR-M|2|2
JNE3457|JNE3457-KR-S|2|2
J0016|J0016-DR-S|2|2
SET228|SET228-KR-PP-S|2|2
SET197|SET197-KR-NP-XXL|2|2
SET197|SET197-KR-NP-XXXL|2|2
JNE3457|JNE3457-KR-M|2|2
J0209|J0209-DR-XS|2|2
J0084|J0084-TP-L|2|2
JNE3724|JNE3724-KR-XL|2|2
J0180|J0180-DR-L|2|2
JNE3663|JNE3663-TP-S|2|2
NW031|NW031-TP-PJ-XL|2|2
SET228|SET228-KR-PP-L|2|2
NW005|NW005-ST-PJ-L|2|2
J0308|J0308-DR-M|2|2
SET130|SET130-KR-NP-XXXL|2|2
JNE3686|JNE3686-TU-XXL|2|2
JNE3463|JNE3463-KR-M|2|2
SET268|SET268-KR-NP-M|2|2
SET233|SET233-KR-PP-L|2|2
J0338|J0338-DR-S|2|2
J0203|J0203-TP-XS|2|2
J0195|J0195-TP-XXL|2|2
SET131|SET131-KR-NP-XXL|2|2
MEN5031|MEN5031-KR-XXXL|2|2
J0161|J0161-DR-XS.|2|2
J0122|J0122-TP-XXXL|2|2
SET044|SET044-KR-NP-XXXL|2|2
JNE3455|JNE3455-KR-XXXL|2|2
MEN5013|MEN5013-KR-M|2|2
J0211|J0211-DR-XS|2|2
JNE3294|JNE3294-KR-M|2|2
SET240|SET240-KR-PP-L|2|2
JNE3639|JNE3639-TP-S|2|2
JNE3667|JNE3667-TP-S|2|2
JNE2132|JNE2132-KR-398-S|2|2
MEN5013|MEN5013-KR-S|2|2
J0084|J0084-TP-M|2|2
J0341|J0341-DR-XL|2|2
J0343|J0343-DR-M|2|2
SET183|SET183-KR-DH-XL|2|2
MEN5014|MEN5014-KR-S|2|2
JNE3683|JNE3683-TU-XXL|2|2
J0084|J0084-TP-XL|2|2
J0209|J0209-DR-XXL|2|2
SET210|SET210-KR-PP-XXXL|2|2
J0295|J0295-DR-M|2|2
J0180|J0180-DR-XXL|2|2
NW029|NW029-ST-SR-L|2|2
J0195|J0195-TP-XXXL|2|2
J0083|J0083-KR-XS|2|2
JNE3294|JNE3294-KR-XXXL|2|2
MEN5014|MEN5014-KR-M|2|2
J0202|J0202-TP-S|2|2
JNE3578|JNE3578-KR-XL|2|2
JNE3683|JNE3683-TU-XXXL|2|2
J0346|J0346-SET-XL|2|2
SET226|SET226-KR-PP-L|2|2
JNE3706|JNE3706-DR-M|2|2
MEN5016|MEN5016-KR-XL|2|2
J0144|J0144-SET-S|2|2
J0158|J0158-DR-M|2|2
JNE2113|JNE2113-KR-381-XXL|2|2
JNE3567|JNE3567-KR-XL|2|2
J0083|J0083-KR-XXL|2|2
MEN5025|MEN5025-KR-M|2|2
JNE3724|JNE3724-KR-L|2|2
J0134|J0134-SET-M|2|2
MEN5031|MEN5031-KR-M|2|2
J0338|J0338-DR-XL|2|2
J0083|J0083-KR-M|2|2
MEN5028|MEN5028-KR-XXL|2|2
SET205|SET205-KR-DPT-S|2|2
J0341|J0341-DR-M|2|2
MEN5021|MEN5021-KR-XL|2|2
JNE3455|JNE3455-KR-XXL|2|2
J0016|J0016-DR-L|2|2
NW006|NW006-ST-SR-L|2|2
SET285|SET285-KR-SHA-S|2|2
JNE3459|JNE3459-KR-L|2|2
SET287|SET287-KR-NP-XS|2|2
JNE3555|JNE3555-KR-XXXL|2|2
JNE3455|JNE3455-KR-L|2|2
J0175|J0175-KR-M|2|2
MEN5021|MEN5021-KR-XXXL|2|2
J0346|J0346-SET-L|2|2
JNE3667|JNE3667-TP-M.|2|2
SET131|SET131-KR-NP-M|2|2
SET260|SET260-KR-PP-XL|2|2
JNE3578|JNE3578-KR-XXL|2|2
J0138|J0138-KR-XS|2|2
J0195|J0195-TP-L|2|2
JNE3294|JNE3294-KR-XL|2|2
SET238|SET238-KR-PP-XS|2|2
J0134|J0134-SET-S|2|2
SET197|SET197-KR-NP-XS|2|2
J0138|J0138-KR-XL|2|2
JNE3667|JNE3667-TP-L|2|2
NW009|NW009-ST-CP-M|2|2
J0204|J0204-TP-M|2|2
SET243|SET243-KR-PP-XS|2|2
MEN5013|MEN5013-KR-XXL|2|2
MEN5006|MEN5006-KR-L|2|2
J0134|J0134-SET-XXXL|2|2
JNE2113|JNE2113-KR-381-XL|2|2
MEN5028|MEN5028-KR-L|2|2
JNE3609|JNE3609-KR-XS|2|2
JNE3313|JNE3313-KR-XS|2|2
J0179|J0179-KR-XXXL|2|2
SET290|SET290-KR-DPT-S|2|2
SET290|SET290-KR-DPT-XXXL|2|2
SET252|SET252-KR-PP-XS.|2|2
JNE3455|JNE3455-KR-XL|2|2
JNE3672|JNE3672-TU-XXL|2|2
SET038|SET038-KR-PP-XS|2|2
J0016|J0016-DR-XXL|2|2
J0016|J0016-DR-XXXL|2|2
J0093|J0093-DR-S|2|2
JNE3578|JNE3578-KR-S|2|2
JNE3578|JNE3578-KR-L|2|2
JNE3680|JNE3680-TU-XXL|2|2
JNE3455|JNE3455-KR-M|2|2
SET130|SET130-KR-NP-XL|2|2
NW005|NW005-ST-PJ-XL|2|2
SET197|SET197-KR-NP-XL|2|2
JNE3455|JNE3455-KR-S|2|2
SET242|SET242-KR-PP-XXXL|2|2
J0025|J0025-DR-L|2|2
SET248|SET248-KR-NP-XXXL|2|2
J0084|J0084-TP-XS|2|2
SET130|SET130-KR-NP-L|2|2
J0023|J0023-TP-XS|2|2
SET268|SET268-KR-NP-XL|2|2
J0212|J0212-DR-S|2|2
JNE3457|JNE3457-KR-L|2|2
J0166|J0166-DR-XXL|2|2
JNE3724|JNE3724-KR-XXXL|2|2
J0302|J0302-DR-L|2|2
JNE3724|JNE3724-KR-S|2|2
J0195|J0195-TP-XL|2|2
SET240|SET240-KR-PP-XS|2|2
J0204|J0204-TP-XL|2|2
SET196|SET196-KR-NP-M.|2|2
JNE3724|JNE3724-KR-M|2|2
J0144|J0144-SET-L|2|2
SET242|SET242-KR-PP-S|2|2
SET194|SET194-KR-NP-XXL|2|2
JNE2113|JNE2113-KR-381-L|2|2
J0042|J0042-DR-L|2|2
J0042|J0042-DR-XXXL|2|2
J0295|J0295-DR-XL|2|2
J0295|J0295-DR-XXL|2|2
SET131|SET131-KR-NP-XXXL|2|2
J0016|J0016-DR-XL|2|2
J0212|J0212-DR-XS|2|2
SET242|SET242-KR-PP-M|2|2
J0084|J0084-TP-S|2|2
MEN5021|MEN5021-KR-XXL|2|2
JNE3680|JNE3680-TU-M|2|2
SET197|SET197-KR-NP-L|2|2
J0016|J0016-DR-XS|2|2
JNE2270|JNE2270-KR-487-XS|2|2
J0399|J0399-DR-L|2|2
JNE3465|JNE3465-KR-L|2|2
J0399|J0399-DR-XL|2|2
SET062|SET062-KR-SP-L|2|2
SET250|SET250-KR-SHA-S|2|2
J0210|J0210-DR-M|2|2
JNE3813|JNE3813-KR-S|2|2
JNE3795|JNE3795-KR-XS|2|2
J0081|J0081-DR-L|2|2
JNE3860|JNE3860-DR-L|2|2
J0210|J0210-DR-XXXL|2|2
SET307|SET307-KR-DPT-XXXL|2|2
JNE3879|JNE3879-DR-XXL|2|2
J0211|J0211-DR-XXXL|2|2
J0352|J0352-KR-L|2|2
JNE3629|JNE3629-KR-L|2|2
JNE3753|JNE3753-KR-L|2|2
J0352|J0352-KR-S|2|2
JNE3813|JNE3813-KR-XXXL|2|2
J0081|J0081-DR-XXXL|2|2
J0210|J0210-DR-XL|2|2
J0081|J0081-DR-S|2|2
JNE3813|JNE3813-KR-XS|2|2
SET250|SET250-KR-SHA-L|2|2
JNE3160|JNE3160-KR-XS|2|2
JNE3880|JNE3880-DR-SC|2|2
JNE3807|JNE3807-KR-S|2|2
J0081|J0081-DR-XS|2|2
JNE3160|JNE3160-KR-L|2|2
J0399|J0399-DR-M|2|2
JNE3795|JNE3795-KR-S|2|2
SET330|SET330-KR-PP-XL|2|2
SET376|SET376-KR-NP-XXXL|2|2
SAR029|SAR029|2|2
JNE3720|JNE3720-KR-L|2|2
J0212|J0212-DR-XXXL|2|2
SET266|SET266-KR-NP-XL|2|2
SET307|SET307-KR-DPT-M|2|2
SAR045|SAR045|2|2
JNE3879|JNE3879-DR-M|2|2
JNE3523|JNE3523-KR-XS|2|2
JNE3629|JNE3629-KR-M|2|2
SET307|SET307-KR-DPT-XS|2|2
JNE3879|JNE3879-DR-XL|2|2
SET307|SET307-KR-DPT-L|2|2
SET330|SET330-KR-PP-XXL|2|2
J0329|J0329-KR-S|2|2
SET266|SET266-KR-NP-L|2|2
J0374|J0374-KR-L|2|2
SET307|SET307-KR-DPT-S|2|2
JNE3637|JNE3637-KR-XXXL|2|2
J0329|J0329-KR-XL|2|2
JNE3879|JNE3879-DR-L|2|2
J0399|J0399-DR-XXL|2|2
JNE3313|JNE3313-KR-XXXL|2|4
NW002|NW002-TP-PJ-XXL|2|4
NW016|NW016-ST-SR-S|2|4
SET242|SET242-KR-PP-XXL|2|4
JNE3807|JNE3807-KR-M|2|4
JNE3605|JNE3605-KR-XL|2|4
BTM038|BTM038-PP-M|2|4
JNE3819|JNE3819-KR-L|2|4
J0145|J0145-SET-XXL|2|4
J0333|J0333-DR-XL|2|4
NW012|NW012-TP-PJ-M|2|4
J0350|J0350-SET-XL|2|4
NW036|NW036-ST-SR-XL|2|4
NW003|NW003-TP-PJ-XXL|2|4
NW027|NW027-TP-PJ-XL|2|4
J0151|J0151-KR-M|2|4
SET308|SET308-KR-PP-L|2|4
JNE3856|JNE3856-KR-XS|2|4
MEN5032|MEN5032-KR-XXXL|2|4
JNE3749|JNE3749-KR-XL|2|4
JNE2170|JNE2170-KR-436-XL|2|4
JNE3556|JNE3556-KR-XXXL|2|4
SET405|SET405-KR-NP-M|2|4
NW014|NW014-ST-SR-XL|2|4
JNE3621|JNE3621-KR-XXL|2|4
JNE3820|JNE3820-KR-L|2|4
JNE3834|JNE3834-KR-XL|2|4
JNE3836|JNE3836-KR-XL|2|4
SET098|SET098-KR-PP-XXXL|2|4
JNE2170|JNE2170-KR-436-XXL|2|4
MEN5025|MEN5025-KR-S|2|4
JNE3546|JNE3546-KR-L|2|4
JNE3609|JNE3609-KR-S|2|4
JNE3627|JNE3627-KR-XL|2|4
JNE3712|JNE3712-TP-M|2|4
SET132|SET132-KR-NP-L|2|4
SET187|SET187-KR-DH-XS|2|4
JNE3707|JNE3707-DR-M|2|4
BTM038|BTM038-PP-XXXL|2|4
JNE3807|JNE3807-KR-SC|2|4
SET375|SET375-KR-NP-XS|2|4
JNE2032|JNE2032-KR-205-M|2|4
J0302|J0302-DR-S|2|4
J0345|J0345-SET-XL|2|4
BTM039|BTM039-PP-M|2|4
SET238|SET238-KR-PP-M|2|4
J0001|J0001-DR-M|2|4
NW002|NW002-TP-PJ-M|2|4
MEN5032|MEN5032-KR-S|2|4
JNE3273|JNE3273-KR-XS|2|4
J0151|J0151-KR-XXL|2|4
NW020|NW020-ST-SR-XXL|2|4
JNE3833|JNE3833-KR-XXXL|2|4
JNE3835|JNE3835-KR-S|2|4
JNE3835|JNE3835-KR-XXXL|2|4
SET131|SET131-KR-NP-XL|2|4
JNE3833|JNE3833-KR-XS|2|4
JNE3313|JNE3313-KR-S|2|4
J0179|J0179-KR-XL|2|4
SET225|SET225-KR-NP-S|2|4
JNE3555|JNE3555-KR-S.|2|4
J0090|J0090-TP-XXL|2|4
JNE3609|JNE3609-KR-M|2|4
JNE3489|JNE3489-KR-S|2|4
JNE3816|JNE3816-KR-XS|2|4
JNE3816|JNE3816-KR-XXL|2|4
JNE3656|JNE3656-TP-L|2|4
J0351|J0351-SET-L|2|4
JNE3489|JNE3489-KR-L|2|4
SET236|SET236-KR-PP-XXXL|2|4
MEN5023|MEN5023-KR-L|2|4
SET182|SET182-KR-DH-XXXL|2|4
JNE3837|JNE3837-KR-XXL|2|4
SET339|SET339-KR-NP-L|2|4
JNE3368|JNE3368-KR-XL|2|4
JNE3535|JNE3535-KR-M|2|4
SET326|SET326-KR-PP-S|2|4
J0151|J0151-KR-XL|2|4
JNE3225|JNE3225-KR-M|2|4
MEN5031|MEN5031-KR-XL|2|4
NW027|NW027-TP-PJ-M|2|4
J0347|J0347-SET-L|2|4
JNE3833|JNE3833-KR-S|2|4
SET238|SET238-KR-PP-XXL|2|4
JNE3836|JNE3836-KR-M|2|4
J0351|J0351-SET-M|2|4
J0350|J0350-SET-S|2|4
JNE3606|JNE3606-KR-XXXL|2|4
SET325|SET325-KR-NP-M|2|4
SET331|SET331-KR-NP-S|2|4
NW002|NW002-TP-PJ-L|2|4
JNE3825|JNE3825-KR-L|2|4
JNE3710|JNE3710-DR-XXXL|2|4
SET339|SET339-KR-NP-XXXL|2|4
JNE3560|JNE3560-KR-L|2|4
JNE3606|JNE3606-KR-L|2|4
NW014|NW014-ST-SR-M|2|4
J0001|J0001-DR-XXL|2|4
NW036|NW036-ST-SR-S|2|4
J0345|J0345-SET-L|2|4
J0138|J0138-KR-L|2|4
NW027|NW027-TP-PJ-XXL|2|4
JNE3870|JNE3870-DR-XS|2|4
SET331|SET331-KR-NP-XXXL|2|4
JNE3856|JNE3856-KR-M|2|4
JNE3577|JNE3577-KR-L|2|4
JNE3313|JNE3313-KR-M|2|4
NW013|NW013-ST-SR-S|2|4
JNE3791|JNE3791-DR-XL|2|4
J0158|J0158-DR-XS|2|4
J0179|J0179-KR-M|2|4
JNE3724|JNE3724-KR-XXL|2|4
BTM039|BTM039-PP-L|2|4
J0041|J0041-SET-XL|2|4
SET236|SET236-KR-PP-XXL|2|4
JNE3749|JNE3749-KR-XXL|2|4
JNE3556|JNE3556-KR-M|2|4
JNE3713|JNE3713-TP-S|2|4
JNE3833|JNE3833-KR-L|2|4
J0041|J0041-SET-L|2|4
J0179|J0179-KR-XXL|2|4
NW030|NW030-TP-PJ-M|2|4
JNE3749|JNE3749-KR-S|2|4
JNE3834|JNE3834-KR-XXL|2|4
JNE3606|JNE3606-KR-XXL|2|4
NW002|NW002-TP-PJ-XL|2|4
SET325|SET325-KR-NP-XL|2|4
BTM038|BTM038-PP-XL|2|4
NW014|NW014-ST-SR-L|2|4
SET325|SET325-KR-NP-XXL|2|4
SET331|SET331-KR-NP-M|2|4
JNE3856|JNE3856-KR-S|2|4
JNE2132|JNE2132-KR-398-XXL|2|4
J0081|J0081-DR-M|2|4
J0296|J0296-DR-XL|2|4
NW020|NW020-ST-SR-S|2|4
JNE3707|JNE3707-DR-L|2|4
J0159|J0159-DR-L|2|4
JNE3563|JNE3563-KR-L|2|4
J0159|J0159-DR-XXXL|2|4
SET194|SET194-KR-NP-XXXL|2|4
JNE3562|JNE3562-KR-XXL|2|4
J0345|J0345-SET-M|2|4
SET409|SET409-KR-NP-M|2|4
NW012|NW012-TP-PJ-S|2|4
SET326|SET326-KR-PP-XXXL|2|4
MEN5022|MEN5022-KR-S|2|4
J0348|J0348-SET-S|2|4
JNE3816|JNE3816-KR-XXXL|2|4
JNE3856|JNE3856-KR-XL|2|4
PJNE2014|PJNE2014-KR-4XL|2|4
JNE3225|JNE3225-KR-S|2|4
SET374|SET374-KR-NP-XXXL|2|4
SET334|SET334-KR-NP-XS|2|4
SET233|SET233-KR-PP-M|2|4
JNE3870|JNE3870-DR-XXXL|2|4
SET263|SET263-KR-NP-XXL|2|4
JNE2032|JNE2032-KR-205-XL|2|4
JNE3784|JNE3784-KR-XXL|2|4
J0003|J0003-SET-M|2|4
JNE3834|JNE3834-KR-M|2|4
JNE3834|JNE3834-KR-XXXL|2|4
SET225|SET225-KR-NP-XS|2|4
JNE3712|JNE3712-TP-XXL|2|4
J0350|J0350-SET-M|2|4
NW002|NW002-TP-PJ-S|2|4
J0145|J0145-SET-S|2|4
JNE3870|JNE3870-DR-L|2|4
JNE3577|JNE3577-KR-XXXL|2|4
J0350|J0350-SET-XXL|2|4
NW012|NW012-TP-PJ-XS|2|4
NW012|NW012-TP-PJ-L|2|4
NW036|NW036-ST-SR-M|2|4
J0373|J0373-KR-L|2|4
JNE3816|JNE3816-KR-S|2|4
PJNE3399|PJNE3399-KR-4XL|2|4
PJNE3068|PJNE3068-KR-5XL|2|4
J0037|J0037-KR-XL|2|4
JNE3225|JNE3225-KR-L|2|4
SET409|SET409-KR-NP-XL|2|4
J0037|J0037-KR-XXXL|2|4
BTM042|BTM042-PP-L|2|4
J0333|J0333-DR-XXL|2|4
J0296|J0296-DR-XXL|2|4
J0147|J0147-SET-S|2|4
JNE3870|JNE3870-DR-M|2|4
JNE3489|JNE3489-KR-XL|2|4
JNE3794|JNE3794-KR-L|2|4
JNE3578|JNE3578-KR-XXXL|2|4
JNE3225|JNE3225-KR-XXL|2|4
JNE3506|JNE3506-KR-L|2|4
JNE3648|JNE3648-TP-XXL|2|4
JNE3656|JNE3656-TP-XXL|2|4
JNE3708|JNE3708-TU-XS|2|4
JNE3609|JNE3609-KR-XXL|2|4
J0145|J0145-SET-XL|2|4
JNE3563|JNE3563-KR-M|2|4
J0302|J0302-DR-XL|2|4
JNE3648|JNE3648-TP-L|2|4
J0159|J0159-DR-M|2|4
JNE2032|JNE2032-KR-205-XXL|2|4
J0140|J0140-SET-M|2|4
BTM042|BTM042-PP-M|2|4
NW003|NW003-TP-PJ-L|2|4
SET352|SET352-KR-NP-XL|2|4
J0341|J0341-DR-XXL|2|4
J0037|J0037-KR-XXL|2|4
NW031|NW031-TP-PJ-S|2|4
BTM039|BTM039-PP-XL|2|4
NW003|NW003-TP-PJ-M|2|4
JNE3816|JNE3816-KR-M|2|4
BTM048|BTM048-PP-XXXL|2|4
J0159|J0159-DR-XXL|2|4
JNE3807|JNE3807-KR-XXXL|2|4
JNE3313|JNE3313-KR-L|2|4
JNE3834|JNE3834-KR-S|2|4
JNE2032|JNE2032-KR-205-S|2|4
J0295|J0295-DR-XXXL|2|4
JNE3606|JNE3606-KR-S|2|4
JNE3506|JNE3506-KR-XXL|2|4
SET334|SET334-KR-NP-XXXL|2|4
SET227|SET227-KR-PP-XXXL|2|4
SET268|SET268-KR-NP-S|2|4
J0209|J0209-DR-XL|2|4
SET405|SET405-KR-NP-XXL|2|4
JNE3225|JNE3225-KR-XL|2|4
JNE3627|JNE3627-KR-XXXL|2|4
J0090|J0090-TP-L|2|4
JNE3816|JNE3816-KR-L|2|4
JNE3833|JNE3833-KR-XL|2|4
J0037|J0037-KR-M|2|4
PJNE3373|PJNE3373-KR-4XL|2|4
J0003|J0003-SET-S|2|4
SET409|SET409-KR-NP-S|2|4
SET248|SET248-KR-NP-S|2|4
JNE3791|JNE3791-DR-M|2|4
J0161|J0161-DR-XXL|2|4
SET334|SET334-KR-NP-XXL|2|4
J0041|J0041-SET-M|2|4
SET243|SET243-KR-PP-XXXL|2|4
JNE3160|JNE3160-KR-XXXL|2|4
JNE2170|JNE2170-KR-436-M|2|4
J0145|J0145-SET-L|2|4
SET198|SET198-KR-NP-XS|2|4
JNE3819|JNE3819-KR-XL|2|4
SET226|SET226-KR-PP-M|2|4
NW027|NW027-TP-PJ-L|2|4
SET187|SET187-KR-DH-S|2|4
J0214|J0214-TP-S|2|4
JNE3835|JNE3835-KR-M|2|4
J0083|J0083-KR-XL|2|4
J0147|J0147-SET-L|2|4
J0339|J0339-DR-XL|2|4
J0305|J0305-DR-L|2|4
JNE3836|JNE3836-KR-XXL|2|4
J0042|J0042-DR-XS|2|4
NW013|NW013-ST-SR-XXL|2|4
JNE3835|JNE3835-KR-XS|2|4
JNE3535|JNE3535-KR-XXXL|2|4
JNE3563|JNE3563-KR-XL|2|4
BTM037|BTM037-PP-XXXL|2|4
NW036|NW036-ST-SR-XXL|2|4
J0151|J0151-KR-XXXL|2|4
MEN5022|MEN5022-KR-XXXL|2|4
PJNE3399|PJNE3399-KR-5XL|2|4
JNE3030|JNE3030-KR-S|2|4
J0041|J0041-SET-XXL|2|4
J0043|J0043-SET-XL|2|4
JNE3821|JNE3821-KR-M|2|4
JNE3836|JNE3836-KR-XS|2|4
JNE3605|JNE3605-KR-L|2|4
JNE3627|JNE3627-KR-M|2|4
JNE3546|JNE3546-KR-M|2|4
JNE3707|JNE3707-DR-XXL|2|4
J0041|J0041-SET-XXXL|2|4
J0351|J0351-SET-XXL|2|4
SET405|SET405-KR-NP-XL|2|4
BTM037|BTM037-PP-L|2|4
NW020|NW020-ST-SR-XL|2|4
JNE3835|JNE3835-KR-L|2|4
SET409|SET409-KR-NP-XS|2|4
JNE3707|JNE3707-DR-S|2|4
SET293|SET293-KR-NP-XXL|2|4
JNE3753|JNE3753-KR-XXL|2|4
J0202|J0202-TP-L|2|4
BTM042|BTM042-PP-XL|2|4
SET405|SET405-KR-NP-XS|2|4
JNE3489|JNE3489-KR-M|2|4
PJNE3068|PJNE3068-KR-6XL|2|4
J0351|J0351-SET-S|2|4
SET252|SET252-KR-PP-XXL|2|4
NW020|NW020-ST-SR-M|2|4
SET339|SET339-KR-NP-XS|2|4
J0351|J0351-SET-XXXL|2|4
J0347|J0347-SET-M|2|4
JNE3749|JNE3749-KR-M|2|4
JNE3835|JNE3835-KR-XL|2|4
JNE3609|JNE3609-KR-XL|2|4
SET281|SET281-KR-PP-L|2|4
SET293|SET293-KR-NP-XS|2|4
SET375|SET375-KR-NP-L|2|4
JNE3609|JNE3609-KR-XXXL|2|4
J0179|J0179-KR-S|2|4
JNE3506|JNE3506-KR-XL|2|4
PJNE3252|PJNE3252-KR-4XL|2|4
PJNE2014|PJNE2014-KR-5XL|2|4
BTM038|BTM038-PP-L|2|4
NW020|NW020-ST-SR-L|2|4
JNE3821|JNE3821-KR-L|2|4
JNE3606|JNE3606-KR-M|2|4
JNE3766|JNE3766-KR-L|2|4
SET405|SET405-KR-NP-S|2|4
SET409|SET409-KR-NP-L|2|4
SET268|SET268-KR-NP-L|2|4
NW003|NW003-TP-PJ-XL|2|4
JNE3068|JNE3068-KR-XXL|2|4
NW012|NW012-TP-PJ-XL|2|4
PJNE3405|PJNE3405-KR-4XL|2|4
JNE3621|JNE3621-KR-M|2|4
J0202|J0202-TP-XXXL|2|4
J0345|J0345-SET-XXL|2|4
SET227|SET227-KR-PP-XS|2|4
JNE3834|JNE3834-KR-L|2|4
JNE3836|JNE3836-KR-S|2|4
BTM048|BTM048-PP-XL|2|4
J0147|J0147-SET-XXL|2|4
J0147|J0147-SET-XXXL|2|4
J0339|J0339-DR-M|2|4
NW014|NW014-ST-SR-XXL|2|4
JNE2170|JNE2170-KR-436-S|2|4
BTM042|BTM042-PP-XXXL|2|4
JNE3837|JNE3837-KR-L|2|4
JNE3656|JNE3656-TP-S|2|4
J0041|J0041-SET-S|2|4
JNE3313|JNE3313-KR-XL|2|4
NW027|NW027-TP-PJ-S|2|4
JNE3506|JNE3506-KR-S|2|4
JNE2032|JNE2032-KR-205-L|2|4
SET233|SET233-KR-PP-S|2|4
SET329|SET329-KR-NP-XXXL|2|4
JNE3834|JNE3834-KR-XS|2|4
J0347|J0347-SET-XL|2|4
J0298|J0298-DR-L|2|4
NW036|NW036-ST-SR-L|2|4
SET329|SET329-KR-NP-S|2|4
JNE3833|JNE3833-KR-XXL|2|4
JNE3856|JNE3856-KR-XXXL|2|4
J0084|J0084-TP-XXL|2|4
MEN5022|MEN5022-KR-XL|2|4
JNE3160|JNE3160-KR-S|2|4
JNE3856|JNE3856-KR-XXL|2|4
J0347|J0347-SET-XXL|2|4
JNE3606|JNE3606-KR-XL|2|4
JNE3225|JNE3225-KR-XXXL|2|4
SET293|SET293-KR-NP-XL|2|4
J0003|J0003-SET-XL|2|4
J0041|J0041-SET-XS|2|4
SET199|SET199-KR-NP-XXXL|2|4
J0296|J0296-DR-M|2|4
J0351|J0351-SET-XL|2|4
NW014|NW014-ST-SR-S|2|4
SET405|SET405-KR-NP-L|2|4
JNE3836|JNE3836-KR-L|2|4
JNE2170|JNE2170-KR-436-XS|2|4
SET263|SET263-KR-NP-XL|2|4
JNE3577|JNE3577-KR-XXL|2|4
J0003|J0003-SET-L|2|4
JNE3836|JNE3836-KR-XXXL|2|4
J0351|J0351-SET-XS|2|4
JNE3795|JNE3795-KR-XL|2|4
BTM005|BTM005-L|2|4
PJNE3068|PJNE3068-KR-4XL|2|4
NW030|NW030-TP-PJ-XXL|2|4
PJNE3405|PJNE3405-KR-5XL|2|4
SET325|SET325-KR-NP-XXXL|2|4
J0333|J0333-DR-S|2|4
PJNE3405|PJNE3405-KR-6XL|2|4
SET297|SET297-KR-NP-XXL|2|4
J0172|J0172-TP-L|2|4
J0305|J0305-DR-S|2|4
NW030|NW030-TP-PJ-XL|2|4
J0090|J0090-TP-S|2|4
J0209|J0209-DR-L|2|4
SET324|SET324-KR-NP-XXL|2|4
JNE3555|JNE3555-KR-M|2|4
NW030|NW030-TP-PJ-L|2|4
JNE3631|JNE3631-DR-L|2|4
J0147|J0147-SET-XL|2|4
JNE3835|JNE3835-KR-XXL|2|4
SET375|SET375-KR-NP-S|2|4
JNE3563|JNE3563-KR-XXXL|2|4
JNE3833|JNE3833-KR-M|2|4
J0208|J0208-DR-XXL|2|4
J0081|J0081-DR-XL|2|4
SET186|SET186-KR-DH-L|2|4
JNE3708|JNE3708-TU-XXXL|2|4
SET083|SET083-KR-PP-M|2|4
SET307|SET307-KR-DPT-XL|2|4
J0207|J0207-DR-L|2|4
SET083|SET083-KR-PP-L|2|4
JNE3795|JNE3795-KR-M|2|4
J0374|J0374-KR-XXL|2|4
SET083|SET083-KR-PP-XXL|2|4
J0208|J0208-DR-M|2|4
JNE3459|JNE3459-KR-XXXL|2|4
SET340|SET340-KR-NP-XXL|2|4
SET110|SET110-KR-PP-M|2|4
JNE3553|JNE3553-KR-S|2|4
SET289|SET289-KR-NP-XS|2|4
J0208|J0208-DR-XL|2|4
J0208|J0208-DR-L|2|4
JNE3567|JNE3567-KR-XS|2|4
J0094|J0094-KR-XL|2|4
SET083|SET083-KR-PP-XL|2|4
JNE3571|JNE3571-KR-S|2|4
J0207|J0207-DR-XXL|2|4
J0207|J0207-DR-XL|2|4
JNE3553|JNE3553-KR-XXL|2|4
SAR027|SAR027|2|4
JNE3564|JNE3564-KR-M|2|4
J0339|J0339-DR-XXXL|2|4
SET110|SET110-KR-PP-XL|2|4
SET392|SET392-KR-NP-XXL|2|4
JNE3553|JNE3553-KR-XL|2|4
SAR038|SAR038|2|4
JNE3567|JNE3567-KR-L|2|4
JNE3571|JNE3571-KR-XL|2|4
SET289|SET289-KR-NP-S|2|4
J0207|J0207-DR-M|2|4
JNE3567|JNE3567-KR-S|2|4
SET264|SET264-KR-NP-XL|2|4
JNE3553|JNE3553-KR-M|2|4
JNE3813|JNE3813-KR-L|2|4
JNE3571|JNE3571-KR-M|2|4
JNE3567|JNE3567-KR-M|2|4
SET262|SET262-KR-NP-XXL|2|4
SET110|SET110-KR-PP-S|2|4
JNE3553|JNE3553-KR-L|2|4
J0374|J0374-KR-XL|2|4
JNE3880|JNE3880-DR-XXL|2|4
JNE3383|JNE3383-KR-L|2|4
SET248|SET248-KR-NP-XS|2|4
J0093|J0093-DR-L|2|6
SET243|SET243-KR-PP-XXL|2|6
JNE3807|JNE3807-KR-XL|2|6
SET339|SET339-KR-NP-M|2|6
SET098|SET098-KR-PP-XS|2|6
SET286|SET286-KR-NP-XXXL|2|6
JNE3621|JNE3621-KR-L|2|6
MEN5023|MEN5023-KR-M|2|6
SET037|SET037-KR-NP-XS|2|6
J0093|J0093-DR-M|2|6
SET270|SET270-KR-PP-L|2|6
SET289|SET289-KR-NP-XXL|2|6
JNE3030|JNE3030-KR-XXL|2|6
JNE3634|JNE3634-KR-S|2|6
JNE3506|JNE3506-KR-M|2|6
SET374|SET374-KR-NP-XXL|2|6
J0214|J0214-TP-XS|2|6
JNE2100|JNE2100-KR-144-L|2|6
J0081|J0081-DR-XXL|2|6
J0211|J0211-DR-XXL|2|6
JNE3621|JNE3621-KR-XL|2|6
SET240|SET240-KR-PP-S|2|6
SET038|SET038-KR-PP-M|2|6
JNE2170|JNE2170-KR-436-L|2|6
SET251|SET251-KR-PP-XXXL|2|6
J0211|J0211-DR-S|2|6
J0295|J0295-DR-S|2|6
SET289|SET289-KR-NP-XXXL|2|6
MEN5031|MEN5031-KR-L|2|6
SET227|SET227-KR-PP-S|2|6
MEN5022|MEN5022-KR-XXL|2|6
J0138|J0138-KR-XXXL|2|6
SET243|SET243-KR-PP-S|2|6
J0338|J0338-DR-L|2|6
SET098|SET098-KR-PP-XXL|2|6
JNE2100|JNE2100-KR-144-S|2|6
JNE3500|JNE3500-KR-L|2|6
SET198|SET198-KR-NP-M|2|6
J0352|J0352-KR-XXL|2|6
SET240|SET240-KR-PP-XXXL|2|6
SET227|SET227-KR-PP-XXL|2|6
J0093|J0093-DR-XXXL|2|6
SET289|SET289-KR-NP-M|2|6
SET270|SET270-KR-PP-XXL|2|6
SET130|SET130-KR-NP-M|2|6
SET374|SET374-KR-NP-XL|2|6
J0080|J0080-TP-XXL|2|6
SET037|SET037-KR-NP-XXXL|2|6
SET375|SET375-KR-NP-XL|2|6
J0080|J0080-TP-M|2|6
SET270|SET270-KR-PP-XL|2|6
SET273|SET273-KR-NP-XXL|2|6
J0080|J0080-TP-XS|2|6
JNE3708|JNE3708-TU-XL|2|6
J0037|J0037-KR-S|2|6
SET187|SET187-KR-DH-XXXL|2|6
SET044|SET044-KR-NP-XXL|2|6
JNE3807|JNE3807-KR-XS|2|6
MEN5022|MEN5022-KR-L|2|6
SET273|SET273-KR-NP-L|2|6
SET263|SET263-KR-NP-L|2|6
MEN5017|MEN5017-KR-L|2|6
J0333|J0333-DR-M|2|6
JNE3435|JNE3435-KR-S|2|6
JNE3313|JNE3313-KR-XXL|2|6
J0080|J0080-TP-XL|2|6
J0211|J0211-DR-M|2|6
SET251|SET251-KR-PP-M|2|6
SET270|SET270-KR-PP-S|2|6
MEN5017|MEN5017-KR-M|2|6
JNE3807|JNE3807-KR-L|2|6
SET287|SET287-KR-NP-XXXL|2|6
SET251|SET251-KR-PP-XL|2|6
SET339|SET339-KR-NP-XXL|2|6
J0350|J0350-SET-L|2|6
SET251|SET251-KR-PP-S|2|6
J0151|J0151-KR-L|2|6
JNE3500|JNE3500-KR-M|2|6
SET273|SET273-KR-NP-XXXL|2|6
JNE3555|JNE3555-KR-L|2|6
SET251|SET251-KR-PP-XS|2|6
SET252|SET252-KR-PP-XL.|2|6
JNE3500|JNE3500-KR-XXL|2|6
BTM002|BTM002-L|2|6
SET325|SET325-KR-NP-S|2|6
JNE3605|JNE3605-KR-M|2|6
JNE3605|JNE3605-KR-XXXL|2|6
SET038|SET038-KR-PP-XXL|2|6
SET270|SET270-KR-PP-M|2|6
J0080|J0080-TP-S|2|6
J0080|J0080-TP-XXXL|2|6
SET286|SET286-KR-NP-S|2|6
SET227|SET227-KR-PP-M|2|6
JNE3605|JNE3605-KR-XXL|2|6
J0211|J0211-DR-XL|2|6
J0202|J0202-TP-M|2|6
SET289|SET289-KR-NP-XL|2|6
J0161|J0161-DR-S|2|6
MEN5023|MEN5023-KR-XL|2|6
SET232|SET232-KR-PP-M|2|6
SET307|SET307-KR-DPT-XXL|2|6
SET232|SET232-KR-PP-L|2|6
SET144|SET144-KR-NP-M|2|6
JNE3861|JNE3861-DR-L|2|6
PJNE2171|PJNE2171-KR-6XL|2|6
PJNE2171|PJNE2171-KR-5XL|2|6
SET374|SET374-KR-NP-M|2|6
JNE3861|JNE3861-DR-SC|2|6
J0373|J0373-KR-M|2|6
SET232|SET232-KR-PP-XL|2|6
SET392|SET392-KR-NP-M|2|6
SET297|SET297-KR-NP-XXXL|2|6
JNE3813|JNE3813-KR-XL|2|6
SET144|SET144-KR-NP-XL|2|6
J0094|J0094-KR-XS|2|6
SET232|SET232-KR-PP-S|2|6
JNE3813|JNE3813-KR-XXL|2|6
SET144|SET144-KR-NP-S|2|6
SET131|SET131-KR-NP-L|2|8
SET325|SET325-KR-NP-L|2|8
JNE2270|JNE2270-KR-487-L|2|8
SET290|SET290-KR-DPT-XXL|2|8
JNE3489|JNE3489-KR-XXL|2|8
SET252|SET252-KR-PP-XXXL|2|8
JNE2270|JNE2270-KR-487-M|2|8
SET243|SET243-KR-PP-XL|2|8
SET297|SET297-KR-NP-M|2|8
J0093|J0093-DR-XXL|2|8
JNE3273|JNE3273-KR-M|2|8
SET240|SET240-KR-PP-M|2|8
SET326|SET326-KR-PP-XXL|2|8
J0202|J0202-TP-XXL|2|8
JNE2270|JNE2270-KR-487-XXL|2|8
J0345|J0345-SET-S|2|8
J0093|J0093-DR-XL|2|8
J0296|J0296-DR-S|2|8
JNE3870|JNE3870-DR-XL|2|8
SET198|SET198-KR-NP-XL|2|8
JNE3605|JNE3605-KR-S|2|8
SET287|SET287-KR-NP-S|2|8
J0214|J0214-TP-XL|2|8
SET198|SET198-KR-NP-S|2|8
JNE3710|JNE3710-DR-M|2|8
JNE3506|JNE3506-KR-XXXL|2|8
J0003|J0003-SET-XXXL|2|8
J0086|J0086-DR-XXXL|2|8
J0138|J0138-KR-S|2|8
NW030|NW030-TP-PJ-S|2|8
JNE2270|JNE2270-KR-487-XL|2|8
SET290|SET290-KR-DPT-M|2|8
JNE3273|JNE3273-KR-XL|2|8
JNE3816|JNE3816-KR-XL|2|8
SET209|SET209-KR-PP-XL|2|8
JNE3273|JNE3273-KR-S|2|8
JNE3030|JNE3030-KR-XXXL|2|8
JNE3807|JNE3807-KR-XXL|2|8
J0179|J0179-KR-L|2|8
SET252|SET252-KR-PP-L|2|8
JNE3500|JNE3500-KR-S|2|8
JNE3648|JNE3648-TP-S|2|8
J0207|J0207-DR-S|2|8
J0042|J0042-DR-M|2|8
SET329|SET329-KR-NP-L|2|8
SET339|SET339-KR-NP-XL|2|8
SET345|SET345-KR-NP-L|2|8
SET331|SET331-KR-NP-L|2|8
JNE3555|JNE3555-KR-XL|2|8
J0042|J0042-DR-XL|2|8
SET193|SET193-KR-NP-L|2|8
SET209|SET209-KR-PP-S|2|8
SET273|SET273-KR-NP-XL|2|8
SET227|SET227-KR-PP-L|2|8
J0090|J0090-TP-XL|2|8
SET038|SET038-KR-PP-XXXL|2|8
J0306|J0306-DR-XL|2|8
JNE3710|JNE3710-DR-XXL|2|8
J0212|J0212-DR-M|2|8
J0306|J0306-DR-M|2|8
JNE3823|JNE3823-KR-L|2|8
JNE3870|JNE3870-DR-XXL|2|8
SET225|SET225-KR-NP-XXXL|2|8
SET345|SET345-KR-NP-XXL|2|8
JNE3708|JNE3708-TU-L|2|8
JNE3030|JNE3030-KR-M|2|8
JNE3577|JNE3577-KR-XL|2|8
NW003|NW003-TP-PJ-S|2|8
J0003|J0003-SET-XS|2|8
SET182|SET182-KR-DH-XXL|2|8
J0151|J0151-KR-S|2|8
MEN5022|MEN5022-KR-M|2|8
J0212|J0212-DR-XXL|2|8
SET409|SET409-KR-NP-XXL|2|8
J0158|J0158-DR-XXL|2|8
SET187|SET187-KR-DH-L|2|8
JNE3727|JNE3727-KR-L|2|8
MEN5025|MEN5025-KR-L|2|8
SET297|SET297-KR-NP-S|2|8
SET209|SET209-KR-PP-M|2|8
SET110|SET110-KR-PP-L|2|8
SET227|SET227-KR-PP-XL|2|8
J0341|J0341-DR-L|2|8
JNE3555|JNE3555-KR-XXL|2|8
SET273|SET273-KR-NP-XS|2|8
J0001|J0001-DR-S|2|8
JNE3273|JNE3273-KR-XXXL|2|8
SET345|SET345-KR-NP-S|2|8
JNE2100|JNE2100-KR-144-XXL|2|8
SET273|SET273-KR-NP-M|2|8
JNE3749|JNE3749-KR-L|2|8
MEN5017|MEN5017-KR-XXXL|2|8
JNE2270|JNE2270-KR-487-S|2|8
PJNE3252|PJNE3252-KR-6XL|2|8
SET345|SET345-KR-NP-XS|2|8
JNE3562|JNE3562-KR-L|2|8
JNE3609|JNE3609-KR-L|2|8
SET210|SET210-KR-PP-XL|2|8
SET098|SET098-KR-PP-XL|2|8
J0086|J0086-DR-S|2|8
JNE3577|JNE3577-KR-S|2|8
JNE3856|JNE3856-KR-L|2|8
SET345|SET345-KR-NP-XXXL|2|8
SET236|SET236-KR-PP-S|2|8
J0347|J0347-SET-S|2|8
SET345|SET345-KR-NP-XL|2|8
J0003|J0003-SET-XXL|2|8
SET252|SET252-KR-PP-M.|2|8
SET297|SET297-KR-NP-XL|2|8
JNE3707|JNE3707-DR-XL|2|8
SET352|SET352-KR-NP-L|2|8
JNE3727|JNE3727-KR-S|2|8
JNE3562|JNE3562-KR-S|2|8
JNE3562|JNE3562-KR-M|2|8
JNE3368|JNE3368-KR-XXXL|2|8
J0352|J0352-KR-M|2|8
J0094|J0094-KR-S|2|8
J0094|J0094-KR-XXXL|2|8
SET332|SET332-KR-PP-XL|2|8
J0399|J0399-DR-SC|2|8
J0094|J0094-KR-L|2|8
J0094|J0094-KR-XXL|2|8
SET289|SET289-KR-NP-L|2|8
SET293|SET293-KR-NP-S|2|10
J0202|J0202-TP-XL|2|10
JNE3634|JNE3634-KR-XS|2|10
SET037|SET037-KR-NP-XXL|2|10
SET263|SET263-KR-NP-M|2|10
JNE3273|JNE3273-KR-L|2|10
SET293|SET293-KR-NP-XXXL|2|10
SET375|SET375-KR-NP-M|2|10
MEN5017|MEN5017-KR-XXL|2|10
J0306|J0306-DR-XXXL|2|10
MEN5032|MEN5032-KR-XL|2|10
J0138|J0138-KR-XXL|2|10
SET293|SET293-KR-NP-L|2|10
SET044|SET044-KR-NP-XL|2|10
SET306|SET306-KR-PP-S|2|10
SET236|SET236-KR-PP-XL|2|10
SET098|SET098-KR-PP-S|2|10
SET098|SET098-KR-PP-L|2|10
J0212|J0212-DR-XL|2|10
SET194|SET194-KR-NP-S|2|10
MEN5023|MEN5023-KR-S|2|10
JNE3634|JNE3634-KR-XXL|2|10
SET251|SET251-KR-PP-XXL|2|10
SET334|SET334-KR-NP-S|2|10
SET326|SET326-KR-PP-XL|2|10
PJNE2014|PJNE2014-KR-6XL|2|10
SET037|SET037-KR-NP-M|2|10
SET198|SET198-KR-NP-L|2|10
SET037|SET037-KR-NP-XL|2|10
SET226|SET226-KR-PP-XXL|2|10
SET226|SET226-KR-PP-XL|2|10
JNE3870|JNE3870-DR-S|2|10
SET199|SET199-KR-NP-XXL|2|10
SET248|SET248-KR-NP-L|2|10
SET248|SET248-KR-NP-XXL|2|10
J0090|J0090-TP-M|2|10
JNE2100|JNE2100-KR-144-M|2|10
SET238|SET238-KR-PP-S|2|10
SET248|SET248-KR-NP-M|2|10
JNE3500|JNE3500-KR-XL|2|10
SET037|SET037-KR-NP-S|2|10
SET044|SET044-KR-NP-S|2|10
JNE2100|JNE2100-KR-144-XXXL|2|10
J0333|J0333-DR-L|2|10
SET339|SET339-KR-NP-S|2|10
SET375|SET375-KR-NP-XXL|2|10
SET329|SET329-KR-NP-M|2|10
SET290|SET290-KR-DPT-XL|2|10
SET037|SET037-KR-NP-L|2|10
SET144|SET144-KR-NP-L|2|10
JNE3813|JNE3813-KR-M|2|10
SET262|SET262-KR-NP-XL|2|10
SET262|SET262-KR-NP-M|2|10
SET262|SET262-KR-NP-S|2|10
JNE3273|JNE3273-KR-XXL|2|12
SET187|SET187-KR-DH-XL|2|12
SET252|SET252-KR-PP-S.|2|12
SET209|SET209-KR-PP-L|2|12
J0296|J0296-DR-L|2|12
J0086|J0086-DR-XL|2|12
J0295|J0295-DR-L|2|12
SET238|SET238-KR-PP-L|2|12
JNE2100|JNE2100-KR-144-XL|2|12
SET334|SET334-KR-NP-M|2|12
SET193|SET193-KR-NP-XXXL|2|12
JNE3288|JNE3288-KR-S|2|12
SET187|SET187-KR-DH-XXL|2|12
JNE3030|JNE3030-KR-L|2|12
SET044|SET044-KR-NP-L|2|12
SET328|SET328-KR-NP-XL|2|12
SET286|SET286-KR-NP-M|2|12
JNE3562|JNE3562-KR-XL|2|12
J0086|J0086-DR-M|2|12
J0306|J0306-DR-L|2|12
JNE3710|JNE3710-DR-XL|2|12
SET193|SET193-KR-NP-XL|2|12
PJNE3252|PJNE3252-KR-5XL|2|12
SET243|SET243-KR-PP-M|2|12
SET328|SET328-KR-NP-S|2|12
MEN5025|MEN5025-KR-XXXL|2|12
SET290|SET290-KR-DPT-L|2|12
SET329|SET329-KR-NP-XXL|2|12
SET263|SET263-KR-NP-S|2|12
J0086|J0086-DR-XXL|2|12
SET193|SET193-KR-NP-XXL|2|12
JNE3710|JNE3710-DR-L|2|12
SET210|SET210-KR-PP-M|2|12
JNE3288|JNE3288-KR-XXXL|2|12
J0214|J0214-TP-XXXL|2|12
SET306|SET306-KR-PP-XS|2|12
MEN5017|MEN5017-KR-XL|2|12
SET328|SET328-KR-NP-L|2|12
JNE3634|JNE3634-KR-M|2|12
SET210|SET210-KR-PP-XXL|2|12
J0001|J0001-DR-XL|2|12
SET334|SET334-KR-NP-XL|2|12
SET236|SET236-KR-PP-M|2|12
SET210|SET210-KR-PP-S|2|12
SET248|SET248-KR-NP-XL|2|12
JNE3637|JNE3637-KR-S|2|12
J0212|J0212-DR-L|2|12
SET331|SET331-KR-NP-XXL|2|12
SET262|SET262-KR-NP-L|2|12
JNE3634|JNE3634-KR-XL|2|14
SET287|SET287-KR-NP-M|2|14
J0211|J0211-DR-L|2|14
JNE3288|JNE3288-KR-XXL|2|14
J0001|J0001-DR-L|2|14
SET273|SET273-KR-NP-S|2|14
SET182|SET182-KR-DH-L|2|14
SET038|SET038-KR-PP-L|2|14
J0214|J0214-TP-M|2|14
SET287|SET287-KR-NP-XL|2|14
MEN5025|MEN5025-KR-XL|2|14
SET238|SET238-KR-PP-XL|2|14
SET193|SET193-KR-NP-M|2|14
JNE3637|JNE3637-KR-XXL|2|14
SET187|SET187-KR-DH-M|2|14
SET182|SET182-KR-DH-S|2|14
J0214|J0214-TP-L|2|14
SET098|SET098-KR-PP-M|2|14
SET286|SET286-KR-NP-XXL|2|14
SET225|SET225-KR-NP-XL|2|14
SET038|SET038-KR-PP-S|2|14
JNE3030|JNE3030-KR-XL|2|14
SET194|SET194-KR-NP-M|2|14
SET405|SET405-KR-NP-XXXL|2|14
JNE3727|JNE3727-KR-M|2|14
SET287|SET287-KR-NP-XXL|2|16
SET038|SET038-KR-PP-XL|2|16
SET374|SET374-KR-NP-L|2|16
SET287|SET287-KR-NP-L|2|16
SET193|SET193-KR-NP-S|2|16
SET182|SET182-KR-DH-XL|2|16
SET328|SET328-KR-NP-XXXL|2|16
JNE3288|JNE3288-KR-M|2|16
J0086|J0086-DR-L|2|16
SET331|SET331-KR-NP-XL|2|16
PJ0096|PJ0096-KR-4XL|2|16
JNE3637|JNE3637-KR-M|2|16
PJ0096|PJ0096-KR-5XL|2|16
SET293|SET293-KR-NP-M|2|16
JNE3634|JNE3634-KR-L|2|16
J0094|J0094-KR-M|2|16
MEN5025|MEN5025-KR-XXL|2|18
SET306|SET306-KR-PP-XXXL|2|18
SET199|SET199-KR-NP-M|2|18
SET225|SET225-KR-NP-XXL|2|18
SET297|SET297-KR-NP-L|2|18
JNE3288|JNE3288-KR-XL|2|18
JNE3160|JNE3160-KR-M|2|18
SET194|SET194-KR-NP-XL|2|18
SET210|SET210-KR-PP-L|2|18
SET251|SET251-KR-PP-L|2|18
SET306|SET306-KR-PP-XL|2|18
SET236|SET236-KR-PP-L|2|18
SET329|SET329-KR-NP-XL|2|18
SET334|SET334-KR-NP-L|2|18
SET044|SET044-KR-NP-M|2|20
SET199|SET199-KR-NP-S|2|20
SET225|SET225-KR-NP-L|2|20
J0214|J0214-TP-XXL|2|20
SET243|SET243-KR-PP-L|2|20
SET199|SET199-KR-NP-XL|2|22
SET345|SET345-KR-NP-M|2|22
SET199|SET199-KR-NP-L|2|22
SET328|SET328-KR-NP-XXL|2|22
JNE3637|JNE3637-KR-XL|2|22
SET225|SET225-KR-NP-M|2|22
SET326|SET326-KR-PP-M|2|22
SET326|SET326-KR-PP-L|2|22
SET286|SET286-KR-NP-L|2|22
SET306|SET306-KR-PP-XXL|2|22
JNE3288|JNE3288-KR-L|2|22
PJ0096|PJ0096-KR-6XL|2|24
JNE3637|JNE3637-KR-L|2|26
SET182|SET182-KR-DH-M|2|26
SET306|SET306-KR-PP-L|2|28
SET194|SET194-KR-NP-L|2|30
SET328|SET328-KR-NP-M|2|32
SET306|SET306-KR-PP-M|2|34
SET286|SET286-KR-NP-XL|2|40
TAGS|TAGS|1|1
J0035|J0035-KR-M|1|2
J0230|J0230-SKD-S|1|2
J0084|J0084-TP-L|1|2
J0001|J0001-DR-L|1|2
SET210|SET210-KR-PP-L|1|2
J0166|J0166-DR-M|1|2
J0138|J0138-KR-M|1|2
JNE3554|JNE3554-KR-M|1|2
J0197|J0197-TP-M|1|2
J0284|J0284-SKD-S|1|2
J0244|J0244-SKD-L|1|2
SET186|SET186-KR-DH-M|1|2
SET110|SET110-KR-PP-M|1|2
MEN5021|MEN5021-KR-M|1|2
J0284|J0284-SKD-XL|1|2
SET110|SET110-KR-PP-S|1|2
J0241|J0241-SKD-M|1|2
J0001|J0001-DR-M|1|2
MEN5021|MEN5021-KR-XL|1|2
J0166|J0166-DR-L|1|2
J0283|J0283-SET-M|1|2
SET186|SET186-KR-DH-L|1|2
J0277|J0277-SKD-M|1|2
J0239|J0239-SKD-M|1|2
J0241|J0241-SKD-L|1|2
J0283|J0283-SET-L|1|2
J0285|J0285-SKD-S|1|2
JNE3849|CMB5-JNE3849|1|2
J0197|J0197-TP-L|1|2
JNE3853|CMB5-JNE3853|1|2
J0285|J0285-SKD-M|1|2
J0241|J0241-SKD-XL|1|2
J0057|J0057-DR-XXL|1|2
J0138|J0138-KR-L|1|2
J0084|J0084-TP-M|1|2
SET110|SET110-KR-PP-L|1|2
J0244|J0244-SKD-M|1|2
JAN8641|JAN8641-S TO XXL|1|2
CMB5|CMB5-JNE3853|1|2
TAGS(LABOUR)|TAGS(LABOUR)|1|2
CMB5|CMB5-JNE3849|1|2
J0129|J0129-SET-L|1|4
J0277|J0277-SKD-L|1|4
J0284|J0284-SKD-L|1|4
J0230|J0230-SKD-M|1|4
J0006|J0006-SET-XS|1|4
J0284|J0284-SKD-M|1|4
J0245|J0245-SKD-XL|1|4
J0129|J0129-SET-XL|1|4
SET268|SET268-KR-NP-S|1|4
J0245|J0245-SKD-M|1|4
J0242|J0242-SKD-S|1|4
J0245|J0245-SKD-L|1|4
J0129|J0129-SET-M|1|4
SET268|SET268-KR-NP-M|1|4
J0277|J0277-SKD-S|1|6
J0239|J0239-SKD-L|1|6
J0239|J0239-SKD-XL|1|6
SET268|SET268-KR-NP-L|1|8
SET053|SET053-KR-NP-L|0|2
J0092|J0092-SET-L|0|2
J0109|J0109-SKD-XXXL|0|2
SET232|SET232-KR-PP-XXL|0|2
SET053|SET053-KR-NP-M|0|2
J0147|J0147-SET-XL|0|2
JNE3469|JNE3469-KR-XXL|0|2
SET196|SET196-KR-NP-XXL|0|2
J0007|J0007-SKD-XXL|0|2
J0147|J0147-SET-XXXL|0|2
SET217|SET217-KR-PP-XXXL|0|2
J0137|J0137-SET-M|0|2
SET217|SET217-KR-PP-M|0|2
J0210|J0210-DR-XXXL|0|2
JNE3469|JNE3469-KR-S|0|2
SET220|SET220-KR-PP-L|0|2
J0243|J0243-DR-S|0|2
SET100|SET100-KR-PP-S|0|2
SET055|SET055-KR-NP-L|0|2
J0127|J0127-SKD-XXL|0|2
J0187|J0187-KR-M|0|2
J0093|J0093-DR-XL|0|2
J0279|J0279-SET-XL|0|2
SET094|SET094-KR-NP-S|0|2
SET183|SET183-KR-DH-L|0|2
SET217|SET217-KR-PP-XXL|0|2
J0137|J0137-SET-XL|0|2
SET158|SET158-KR-PP-L|0|2
J0148|J0148-SET-M|0|2
SET201|SET201-KR-NP-XXXL|0|2
J0134|J0134-SET-XXXL|0|2
SET239|SET239-KR-NP-S|0|2
SET274|SET274-KR-PP-M|0|2
SET270|SET270-KR-PP-XXL|0|2
SET247|SET247-KR-SHA-L|0|2
J0182|J0182-SET-L|0|2
J0148|J0148-SET-XL|0|2
J0283|J0283-SET-S|0|2
J0185|J0185-DR-L|0|2
J0140|J0140-SET-XS|0|2
SET100|SET100-KR-PP-XXL|0|2
J0109|J0109-SKD-XXL|0|2
J0137|J0137-SET-XXL|0|2
J0147|J0147-SET-XXL|0|2
SET191|SET191-KR-PP-S|0|2
J0137|J0137-SET-S|0|2
J0210|J0210-DR-XL1J0210-DR-XL|0|2
SET247|SET247-KR-SHA-XL|0|2
SET217|SET217-KR-PP-S|0|2
J0278|J0278-SET-XXL|0|2
J0143|J0143-SET-M|0|2
SET191|SET191-KR-PP-M|0|2
SET206|SET206-KR-PP-L|0|2
SET145|SET145-KR-NP-S|0|2
J0283|J0283-SET-XL|0|2
J0093|J0093-DR-XXXL|0|2
SET220|SET220-KR-PP-XL|0|2
SET188|SET188-KR-NP-XXXL|0|2
JNE3469|JNE3469-KR-XL|0|2
J0093|J0093-DR-XXL|0|2
J0109|J0109-SKD-L|0|2
J0137|J0137-SET-XS|0|2
J0283|J0283-SET-M|0|2
J0109|J0109-SKD-XS|0|2
SET183|SET183-KR-DH-XL|0|2
J0207|J0207-DR-XL|0|2
J0187|J0187-KR-XL|0|2
J0037|J0037-KR-XXL|0|2
SET145|SET145-KR-NP-XXXL|0|2
SET265|SET265-KR-NP-XXXL|0|2
SET247|SET247-KR-SHA-XXL|0|2
SET220|SET220-KR-PP-M|0|2
SET083|SET083-KR-PP-XS|0|2
SET247|SET247-KR-SHA-M|0|2
SET183|SET183-KR-DH-S|0|2
J0081|J0081-DR-XXXL|0|2
SET083|SET083-KR-PP-S|0|2
J0143|J0143-SET-XL|0|2
J0093|J0093-DR-L|0|2
J0110|J0110-SKD-L|0|2
J0110|J0110-SKD-S|0|2
J0109|J0109-SKD-S|0|2
J0127|J0127-SKD-XS|0|2
SET229|SET229-KR-PP-XL|0|2
SET200|SET200-KR-NP-XXXL|0|2
SET053|SET053-KR-NP-S|0|2
J0037|J0037-KR-XL|0|2
SET217|SET217-KR-PP-XS|0|2
SET249|SET249-KR-NP-S|0|2
SET247|SET247-KR-SHA-XXXL|0|2
J0278|J0278-SET-XXXL|0|2
SET188|SET188-KR-NP-XXL|0|2
SET100|SET100-KR-PP-M|0|2
SET217|SET217-KR-PP-XL|0|2
SET053|SET053-KR-NP-XL|0|2
J0110|J0110-SKD-XS|0|2
SET270|SET270-KR-PP-L|0|2
SET156|SET156-KR-NP-XXXL|0|2
SET220|SET220-KR-PP-XXL|0|2
SET100|SET100-KR-PP-L|0|2
J0187|J0187-KR-XXXL|0|2
SET043|SET043-KR-NP-XXL|0|2
SET083|SET083-KR-PP-XXL|0|2
J0182|J0182-SET-XXL|0|2
J0093|J0093-DR-M|0|2
SET195|SET195-KR-NP-XXXL|0|2
J0110|J0110-SKD-M|0|2
SET128|SET128-KR-DH-M|0|2
SET250|SET250-KR-SHA-XS|0|2
J0187|J0187-KR-XS|0|2
SET196|SET196-KR-NP-L|0|2
J0084|J0084-TP-XL|0|2
SET264|SET264-KR-NP-XS|0|2
SET053|SET053-KR-NP-XXXL|0|2
SET250|SET250-KR-SHA-XXXL|0|2
J0109|J0109-SKD-XL|0|2
SET062|SET062-KR-SP-XXXL|0|2
SET195|SET195-KR-NP-XL|0|2
SET239|SET239-KR-NP-XL|0|2
J0034|J0034-SET-XXL|0|2
J0187|J0187-KR-XXL|0|2
J0129|J0129-SET-XL|0|2
J0010|J0010-LCD-L|0|2
J0148|J0148-SET-XS|0|2
SET225|SET225-KR-NP-XXL|0|2
J0041|J0041-SET-S|0|2
J0110|J0110-SKD-XL|0|2
J0109|J0109-SKD-M|0|2
SET220|SET220-KR-PP-XS|0|2
SET201|SET201-KR-NP-L|0|2
SET220|SET220-KR-PP-S|0|2
J0137|J0137-SET-XXXL|0|2
SET274|SET274-KR-PP-XL|0|2
SET239|SET239-KR-NP-XXXL|0|2
SET094|SET094-KR-NP-XXXL|0|2
J0279|J0279-SET-XXL|0|2
SET220|SET220-KR-PP-XXXL|0|2
J0129|J0129-SET-L|0|2
J0110|J0110-SKD-XXXL|0|2
J0081|J0081-DR-XS|0|2
J0187|J0187-KR-S|0|2
SET217|SET217-KR-PP-L|0|2
SET280|SET280-KR-PP-XXL|0|2
SET171|SET171-KR-NP-XL|0|2
SET392|SET392-KR-NP-M|0|2
SET258|SET258-KR-PP-XL|0|2
J0396|J0396-DR-SC|0|2
J0396|J0396-DR-XS|0|2
J0101|J0101-DR-M|0|2
SET372|SET372-KR-PP-XL|0|2
SAR054|SAR054|0|2
JNE3797|JNE3797-KR-M|0|2
SET383|SET383-KR-NP-XXL|0|2
SET383|SET383-KR-NP-S|0|2
SET383|SET383-KR-NP-XL|0|2
SET171|SET171-KR-NP-L|0|2
SET171|SET171-KR-NP-S|0|2
J0101|J0101-DR-XXXL|0|2
JNE3800|JNE3800-KR-XXXL|0|2
SET392|SET392-KR-NP-XXL|0|2
J0395|J0395-DR-S|0|2
J0126|J0126-SKD-XL|0|2
SET392|SET392-KR-NP-XL|0|2
SET228|SET228-KR-PP-XXXL|0|2
SET340|SET340-KR-NP-XL|0|2
SET228|SET228-KR-PP-S|0|2
JNE3800|JNE3800-KR-XL|0|2
SET303|SET303-KR-NP-XL|0|2
SET280|SET280-KR-PP-L|0|2
SET383|SET383-KR-NP-M|0|2
JNE09187|SAREE|0|2
SET228|SET228-KR-PP-XL|0|2
SET337|SET337-KR-NP-M|0|2
SET171|SET171-KR-NP-M|0|2
J0101|J0101-DR-S|0|2
SET337|SET337-KR-NP-L|0|2
SET337|SET337-KR-NP-S|0|2
SET383|SET383-KR-NP-XXXL|0|2
J0396|J0396-DR-S|0|2
SET303|SET303-KR-NP-S|0|4
SET195|SET195-KR-NP-L|0|4
J0248|J0248-SET-XS|0|4
J0249|J0249-SKD-S|0|4
SET302|SET302-KR-PP-M|0|4
SET227|SET227-KR-PP-S|0|4
SET392|SET392-KR-NP-S|0|4
SET319|SET319-KR-NP-L|0|4
JNE3311|JNE3311-KR-S|0|4
SET327|SET327-KR-DPT-XL|0|4
SET205|SET205-KR-DPT-XL|0|4
J0185|J0185-DR-XL|0|4
SET315|SET315-KR-PP-XXL|0|4
SET384|SET384-KR-NP-XXL|0|4
SET303|SET303-KR-NP-L|0|4
J0210|J0210-DR-S|0|4
J0095|J0095-SET-XXL|0|4
SET413|SET413-KR-NP-S|0|4
SET058|SET058-KR-NP-XS|0|4
J0186|J0186-SET-M|0|4
J0135|J0135-SET-XXL|0|4
J0282|J0282-SET-S|0|4
SET196|SET196-KR-NP-S|0|4
SET336|SET336-KR-NP-M|0|4
J0282|J0282-SET-XXL|0|4
SET145|SET145-KR-NP-XXL|0|4
SET385|SET385-KR-NP-XXL|0|4
SET223|SET223-KR-NP-XXL|0|4
SET373|SET373-KR-PP-XS|0|4
PSET264|PSET264-KR-NP-5XL|0|4
J0143|J0143-SET-L|0|4
SET205|SET205-KR-DPT-M|0|4
SET147|SET147-KR-NP-XXL|0|4
SET353|SET353-KR-NP-XS|0|4
SET251|SET251-KR-PP-L|0|4
SET315|SET315-KR-PP-S|0|4
J0140|J0140-SET-XXXL|0|4
J0185|J0185-DR-M|0|4
SET154|SET154-KR-NP-S|0|4
J0332|J0332-DR-XXXL|0|4
SET094|SET094-KR-NP-M|0|4
PSET268|PSET268-KR-NP-6XL|0|4
SET043|SET043-KR-NP-XXXL|0|4
J0282|J0282-SET-L|0|4
SET389|SET389-KR-NP-XS|0|4
SET218|SET218-KR-NP-L|0|4
SET386|SET386-KR-NP-M|0|4
SET218|SET218-KR-NP-S|0|4
SET384|SET384-KR-NP-L|0|4
SET336|SET336-KR-NP-S|0|4
SET389|SET389-KR-NP-M|0|4
SET302|SET302-KR-PP-XXL|0|4
SET315|SET315-KR-PP-M|0|4
J0143|J0143-SET-XXL|0|4
SET413|SET413-KR-NP-L|0|4
NW012|NW012-TP-PJ-XXL|0|4
SET305|SET305-KR-DPT-M|0|4
SET249|SET249-KR-NP-L|0|4
SET138|SET138-KR-PP-XL|0|4
J0332|J0332-DR-S|0|4
J0398|J0398-DR-XXXL|0|4
J0100|J0100-DR-L|0|4
J0328|J0328-KR-XS|0|4
SET323|SET323-KR-NP-XXXL|0|4
J0005|J0005-DR-S|0|4
SET230|SET230-KR-PP-S|0|4
PJNE2270|PJNE2270-KR-4XL|0|4
SET295|SET295-KR-NP-XXXL|0|4
SET171|SET171-KR-NP-XXXL|0|4
SET327|SET327-KR-DPT-L|0|4
J0152|J0152-DR-M|0|4
J0129|J0129-SET-XXXL|0|4
J0249|J0249-SKD-XL|0|4
J0137|J0137-SET-L|0|4
J0243|J0243-DR-XL|0|4
SET062|SET062-KR-SP-XS|0|4
SET305|SET305-KR-DPT-XXL|0|4
SET413|SET413-KR-NP-M|0|4
J0243|J0243-DR-M|0|4
SET265|SET265-KR-NP-L|0|4
JNE09210|SAREE|0|4
SET321|SET321-KR-DPT-XL|0|4
SET315|SET315-KR-PP-XS|0|4
SET053|SET053-KR-NP-XXL|0|4
SET413|SET413-KR-NP-XS|0|4
SET083|SET083-KR-PP-M|0|4
J0187|J0187-KR-L|0|4
SET389|SET389-KR-NP-XXL|0|4
SET315|SET315-KR-PP-L|0|4
SET048|SET048-KR-NP-XXL|0|4
SET171|SET171-KR-NP-XXL|0|4
J0283|J0283-SET-XXL|0|4
NW031|NW031-TP-PJ-XXL|0|4
SET075|SET075-KR-DH-M|0|4
SET205|SET205-KR-DPT-L|0|4
J0105|J0105-KR-XXXL|0|4
SET319|SET319-KR-NP-XXL|0|4
SET223|SET223-KR-NP-XL|0|4
J0250|J0250-SKD-M|0|4
SET186|SET186-KR-DH-XS|0|4
SET200|SET200-KR-NP-M|0|4
SET154|SET154-KR-NP-XXL|0|4
J0247|J0247-SKD-XS|0|4
J0135|J0135-SET-M|0|4
SET353|SET353-KR-NP-L|0|4
SET323|SET323-KR-NP-XL|0|4
J0148|J0148-SET-S|0|4
SET200|SET200-KR-NP-XL|0|4
SET188|SET188-KR-NP-S|0|4
SET279|SET279-LC-XXXL|0|4
SET218|SET218-KR-NP-M|0|4
J0130|J0130-SET-XS|0|4
J0083|J0083-KR-XXL|0|4
SET075|SET075-KR-DH-XXXL|0|4
JNE3709|JNE3709-DR-XXL|0|4
SET196|SET196-KR-NP-M.|0|4
SET279|SET279-LC-L|0|4
PSET264|PSET264-KR-NP-6XL|0|4
SET253|SET253-KR-NP-XS|0|4
SET229|SET229-KR-PP-S|0|4
JNE3311|JNE3311-KR-L|0|4
J0152|J0152-DR-XXL|0|4
SET305|SET305-KR-DPT-L|0|4
SET229|SET229-KR-PP-XXL|0|4
SET145|SET145-KR-NP-M|0|4
SET083|SET083-KR-PP-XXXL|0|4
J0147|J0147-SET-S|0|4
J0398|J0398-DR-S|0|4
J0152|J0152-DR-XXXL|0|4
SET303|SET303-KR-NP-XXXL|0|4
SET245|SET245-KR-NP-XS|0|4
J0147|J0147-SET-M|0|4
PJNE2270|PJNE2270-KR-6XL|0|4
SET321|SET321-KR-DPT-L|0|4
SET075|SET075-KR-DH-S|0|4
J0335|J0335-DR-XS|0|4
SET232|SET232-KR-PP-L|0|4
SET315|SET315-KR-PP-XXXL|0|4
JNE3311|JNE3311-KR-XS|0|4
SET302|SET302-KR-PP-XS|0|4
SET218|SET218-KR-NP-XL|0|4
SET075|SET075-KR-DH-XL|0|4
NW012|NW012-TP-PJ-L|0|4
SET319|SET319-KR-NP-M|0|4
SET196|SET196-KR-NP-XXXL|0|4
J0328|J0328-KR-XL|0|4
J0135|J0135-SET-XL|0|4
J0328|J0328-KR-XXXL|0|4
J0398|J0398-DR-M|0|4
PSET264|PSET264-KR-NP-4XL|0|4
J0252|J0252-SKD-M|0|4
J0005|J0005-DR-XL|0|4
SET230|SET230-KR-PP-L|0|4
SET386|SET386-KR-NP-L|0|4
SET186|SET186-KR-DH-XL|0|4
SET319|SET319-KR-NP-XS|0|4
SET075|SET075-KR-DH-L|0|4
SET305|SET305-KR-DPT-XXXL|0|4
J0185|J0185-DR-S|0|4
J0009|J0009-SKD-XL|0|4
SET228|SET228-KR-PP-L|0|4
SET272|SET272-KR-PP-XXXL|0|4
SET385|SET385-KR-NP-XL|0|4
J0006|J0006-SET-XS|0|4
SET229|SET229-KR-PP-XXXL|0|4
J0083|J0083-KR-L|0|4
J0152|J0152-DR-L|0|4
SET385|SET385-KR-NP-L|0|4
SET389|SET389-KR-NP-S|0|4
J0328|J0328-KR-L|0|4
J0135|J0135-SET-L|0|4
J0006|J0006-SET-L|0|4
SET253|SET253-KR-NP-XXL|0|4
J0185|J0185-DR-XXL|0|4
SET073|SET073-KR-SHA-XL|0|4
SET188|SET188-KR-NP-M|0|4
SET197|SET197-KR-NP-XXXL|0|4
J0332|J0332-DR-XXL|0|4
J0282|J0282-SET-XXXL|0|4
SET233|SET233-KR-PP-L|0|4
SET389|SET389-KR-NP-XL|0|4
SET336|SET336-KR-NP-L|0|4
J0398|J0398-DR-XL|0|4
SET188|SET188-KR-NP-XL|0|4
J0182|J0182-SET-M|0|4
SET323|SET323-KR-NP-XS|0|4
SET229|SET229-KR-PP-M|0|4
SET147|SET147-KR-NP-XL|0|4
J0147|J0147-SET-XS|0|4
SET138|SET138-KR-PP-L|0|4
NW012|NW012-TP-PJ-XL|0|4
SET236|SET236-KR-PP-XL|0|4
J0148|J0148-SET-XXL|0|4
SET188|SET188-KR-NP-L|0|4
SET197|SET197-KR-NP-XXL|0|4
JNE3709|JNE3709-DR-XS|0|4
JNE3160|JNE3160-KR-XXL|0|4
SET075|SET075-KR-DH-XXL|0|4
J0248|J0248-SET-XL|0|4
SET098|SET098-KR-PP-XXXL|0|4
SET156|SET156-KR-NP-XL|0|4
SET218|SET218-KR-NP-XXL|0|4
NW008|NW008-ST-CP-S|0|4
J0282|J0282-SET-XL|0|4
SET048|SET048-KR-NP-L|0|4
SAR070|SAR070|0|4
SET373|SET373-KR-PP-XXXL|0|4
SET413|SET413-KR-NP-XL|0|4
SET094|SET094-KR-NP-L|0|4
J0282|J0282-SET-M|0|4
J0152|J0152-DR-S|0|4
J0248|J0248-SET-XXL|0|4
SET197|SET197-KR-NP-XS|0|4
SET094|SET094-KR-NP-XXL|0|4
J0250|J0250-SKD-XL|0|4
SET386|SET386-KR-NP-XXL|0|4
SET389|SET389-KR-NP-XXXL|0|4
SET219|SET219-KR-PP-XXL|0|4
SET227|SET227-KR-PP-XXXL|0|4
J0329|J0329-KR-M|0|4
J0328|J0328-KR-M|0|4
SET413|SET413-KR-NP-XXXL|0|4
J0083|J0083-KR-XL|0|4
SET302|SET302-KR-PP-XXXL|0|4
PSET268|PSET268-KR-NP-4XL|0|4
SET262|SET262-KR-NP-S|0|4
J0143|J0143-SET-S|0|4
SET413|SET413-KR-NP-XXL|0|4
SET249|SET249-KR-NP-M|0|4
NW012|NW012-TP-PJ-M|0|4
SET300|SET300-KR-NP-S|0|4
J0083|J0083-KR-XXXL|0|4
J0152|J0152-DR-XL|0|4
J0248|J0248-SET-L|0|4
J0034|J0034-SET-XS|0|4
SET075|SET075-KR-DH-XS|0|4
SET228|SET228-KR-PP-M|0|4
SET205|SET205-KR-DPT-S|0|4
SET319|SET319-KR-NP-XXXL|0|4
SET223|SET223-KR-NP-XS|0|4
SET229|SET229-KR-PP-L|0|4
SET230|SET230-KR-PP-XL|0|4
SET223|SET223-KR-NP-M|0|4
J0006|J0006-SET-S|0|4
JNE3797|JNE3797-KR-XL|0|4
SAR031|SAR031|0|4
SET346|SET346-KR-PP-XL|0|4
JNE3798|JNE3798-KR-XXL|0|4
SET333|SET333-KR-DPT-XXL|0|4
SET327|SET327-KR-DPT-XXL|0|4
SET327|SET327-KR-DPT-S|0|4
SET327|SET327-KR-DPT-XS|0|4
J0101|J0101-DR-XL|0|4
SET333|SET333-KR-DPT-L|0|4
JNE3797|JNE3797-KR-XXL|0|4
J0147|J0147-SET-L|0|6
J0009|J0009-SKD-XS|0|6
J0278|J0278-SET-S|0|6
SET205|SET205-KR-DPT-XXXL|0|6
JNE3311|JNE3311-KR-M|0|6
SET200|SET200-KR-NP-S|0|6
SET043|SET043-KR-NP-S|0|6
SET279|SET279-LC-M|0|6
J0283|J0283-SET-L|0|6
SET205|SET205-KR-DPT-XXL|0|6
SET262|SET262-KR-NP-XL|0|6
SET144|SET144-KR-NP-XXXL|0|6
J0094|J0094-KR-S|0|6
SET270|SET270-KR-PP-XL|0|6
SET138|SET138-KR-PP-S|0|6
J0009|J0009-SKD-S|0|6
J0194|J0194-DR-XXL|0|6
SET244|SET244-KR-NP-XXL|0|6
J0243|J0243-DR-L|0|6
SET186|SET186-KR-DH-XXL|0|6
SET244|SET244-KR-NP-S|0|6
SET062|SET062-KR-SP-XXL|0|6
SET145|SET145-KR-NP-XL|0|6
SET315|SET315-KR-PP-XL|0|6
SET252|SET252-KR-PP-XXXL|0|6
SET073|SET073-KR-SHA-S|0|6
SET110|SET110-KR-PP-XXL|0|6
SET154|SET154-KR-NP-M|0|6
SET272|SET272-KR-PP-M|0|6
PSET268|PSET268-KR-NP-5XL|0|6
J0129|J0129-SET-XXL|0|6
J0129|J0129-SET-S|0|6
J0398|J0398-DR-L|0|6
SET236|SET236-KR-PP-XXXL|0|6
J0243|J0243-DR-XXXL|0|6
SET073|SET073-KR-SHA-XXL|0|6
SET333|SET333-KR-DPT-XS|0|6
SET250|SET250-KR-SHA-XXL|0|6
J0130|J0130-SET-XXXL|0|6
SET156|SET156-KR-NP-XXL|0|6
SET272|SET272-KR-PP-XXL|0|6
J0037|J0037-KR-L|0|6
J0094|J0094-KR-XL|0|6
SET058|SET058-KR-NP-XXXL|0|6
SET239|SET239-KR-NP-XXL|0|6
SET098|SET098-KR-PP-XXL|0|6
J0129|J0129-SET-M|0|6
J0041|J0041-SET-XXXL|0|6
J0279|J0279-SET-S|0|6
JNE3160|JNE3160-KR-M|0|6
SET227|SET227-KR-PP-L|0|6
SET244|SET244-KR-NP-XXXL|0|6
J0041|J0041-SET-L|0|6
J0101|J0101-DR-XXL|0|6
SET244|SET244-KR-NP-L|0|6
J0243|J0243-DR-XS|0|6
SET302|SET302-KR-PP-XL|0|6
SET200|SET200-KR-NP-L|0|6
J0194|J0194-DR-S|0|6
JNE3160|JNE3160-KR-XL|0|6
SET267|SET267-KR-NP-XXXL|0|6
J0194|J0194-DR-XL|0|6
SET303|SET303-KR-NP-M|0|6
SET225|SET225-KR-NP-XL|0|6
SET043|SET043-KR-NP-XL|0|6
J0101|J0101-DR-L|0|6
JNE3709|JNE3709-DR-XXXL|0|6
SET264|SET264-KR-NP-S|0|6
SET320|SET320-KR-NP-L|0|6
J0236|J0236-SKD-M|0|6
J0254|J0254-SKD-XXL|0|6
J0295|J0295-DR-M|0|6
SET171|SET171-KR-NP-XS|0|6
J0397|J0397-DR-S|0|6
SET353|SET353-KR-NP-S|0|6
J0401|J0401-DR-SC|0|6
SET300|SET300-KR-NP-XL|0|6
SET265|SET265-KR-NP-XL|0|6
J0397|J0397-DR-M|0|6
SET300|SET300-KR-NP-XS|0|6
JNE3798|JNE3798-KR-M|0|6
SET320|SET320-KR-NP-M|0|6
SET372|SET372-KR-PP-XXL|0|6
J0254|J0254-SKD-L|0|6
J0005|J0005-DR-XXXL|0|6
J0250|J0250-SKD-L|0|6
SET251|SET251-KR-PP-S|0|6
J0251|J0251-SKD-XL|0|6
SET311|SET311-KR-NP-S|0|6
SET333|SET333-KR-DPT-XL|0|6
SET223|SET223-KR-NP-L|0|8
SET236|SET236-KR-PP-L|0|8
SET302|SET302-KR-PP-S|0|8
SET144|SET144-KR-NP-S|0|8
J0105|J0105-KR-L|0|8
J0105|J0105-KR-XL|0|8
SET389|SET389-KR-NP-L|0|8
SET147|SET147-KR-NP-M|0|8
SET227|SET227-KR-PP-XL|0|8
J0398|J0398-DR-XXL|0|8
SET373|SET373-KR-PP-M|0|8
NW012|NW012-TP-PJ-S|0|8
J0249|J0249-SKD-XXXL|0|8
SET281|SET281-KR-PP-XXL|0|8
J0083|J0083-KR-M|0|8
SET267|SET267-KR-NP-S|0|8
SET319|SET319-KR-NP-XL|0|8
SET098|SET098-KR-PP-XS|0|8
SET147|SET147-KR-NP-L|0|8
SET145|SET145-KR-NP-L|0|8
SET147|SET147-KR-NP-S|0|8
J0210|J0210-DR-XL|0|8
SET272|SET272-KR-PP-S|0|8
JNE3160|JNE3160-KR-S|0|8
SET250|SET250-KR-SHA-XL|0|8
SET266|SET266-KR-NP-XXXL|0|8
SET300|SET300-KR-NP-L|0|8
SET323|SET323-KR-NP-M|0|8
SET236|SET236-KR-PP-S|0|8
SET279|SET279-LC-XL|0|8
J0105|J0105-KR-XXL|0|8
J0009|J0009-SKD-XXXL|0|8
JNE3311|JNE3311-KR-XL|0|8
SET253|SET253-KR-NP-S|0|8
SET223|SET223-KR-NP-XXXL|0|8
J0335|J0335-DR-XL|0|8
J0332|J0332-DR-L|0|8
SET373|SET373-KR-PP-L|0|8
SET275|SET275-KR-NP-XXXL|0|8
SET305|SET305-KR-DPT-XL|0|8
SET094|SET094-KR-NP-XL|0|8
SET272|SET272-KR-PP-L|0|8
SET300|SET300-KR-NP-XXL|0|8
J0332|J0332-DR-XL|0|8
SET110|SET110-KR-PP-XXXL|0|8
SET373|SET373-KR-PP-S|0|8
SET244|SET244-KR-NP-XL|0|8
J0249|J0249-SKD-L|0|8
SET327|SET327-KR-DPT-M|0|8
SET236|SET236-KR-PP-XS|0|8
SET323|SET323-KR-NP-S|0|8
J0009|J0009-SKD-M|0|8
J0396|J0396-DR-L|0|8
J0081|J0081-DR-XXL|0|8
J0248|J0248-SET-M|0|8
SET156|SET156-KR-NP-M|0|8
J0083|J0083-KR-S|0|8
J0041|J0041-SET-XXL|0|8
J0081|J0081-DR-XL|0|8
SET323|SET323-KR-NP-L|0|8
SET305|SET305-KR-DPT-S|0|8
SET250|SET250-KR-SHA-S|0|8
J0335|J0335-DR-S|0|8
SET373|SET373-KR-PP-XXL|0|8
SET186|SET186-KR-DH-L|0|8
SET236|SET236-KR-PP-XXL|0|8
SET269|SET269-KR-NP-XXXL|0|8
J0105|J0105-KR-M|0|8
SET266|SET266-KR-NP-S|0|8
J0081|J0081-DR-M|0|8
J0335|J0335-DR-XXL|0|8
J0248|J0248-SET-XXXL|0|8
SET270|SET270-KR-PP-M|0|8
J0105|J0105-KR-S|0|8
SET319|SET319-KR-NP-S|0|8
SET295|SET295-KR-NP-S|0|8
J0210|J0210-DR-L|0|8
J0148|J0148-SET-XXXL|0|8
SET281|SET281-KR-PP-S|0|8
JNE3709|JNE3709-DR-M|0|8
SET265|SET265-KR-NP-S|0|8
SET295|SET295-KR-NP-XXL|0|8
SET221|SET221-KR-NP-XXL|0|8
SET321|SET321-KR-DPT-M|0|8
J0210|J0210-DR-XXL|0|8
SET144|SET144-KR-NP-XXL|0|8
SET281|SET281-KR-PP-L|0|8
SET227|SET227-KR-PP-M|0|8
PJNE2270|PJNE2270-KR-5XL|0|8
SET223|SET223-KR-NP-S|0|8
J0248|J0248-SET-S|0|8
SET347|SET347-KR-NP-XS|0|8
J0081|J0081-DR-S|0|8
SET262|SET262-KR-NP-XXL|0|8
SET230|SET230-KR-PP-M|0|8
SET043|SET043-KR-NP-L|0|8
J0148|J0148-SET-L|0|8
SET327|SET327-KR-DPT-XXXL|0|8
SET230|SET230-KR-PP-XXL|0|10
SET333|SET333-KR-DPT-M|0|10
SET110|SET110-KR-PP-L|0|10
SET200|SET200-KR-NP-XXL|0|10
SET347|SET347-KR-NP-L|0|10
SET347|SET347-KR-NP-XXL|0|10
SET347|SET347-KR-NP-S|0|10
J0094|J0094-KR-M|0|10
SET270|SET270-KR-PP-S|0|10
J0094|J0094-KR-XXL|0|10
J0252|J0252-SKD-S|0|10
SET323|SET323-KR-NP-XXL|0|10
JNE3709|JNE3709-DR-L|0|10
SET154|SET154-KR-NP-L|0|10
SET265|SET265-KR-NP-M|0|10
J0249|J0249-SKD-M|0|10
SET239|SET239-KR-NP-L|0|10
SET144|SET144-KR-NP-XL|0|10
J0194|J0194-DR-L|0|10
J0110|J0110-SKD-XXL|0|10
J0041|J0041-SET-M|0|10
SET239|SET239-KR-NP-M|0|10
SET262|SET262-KR-NP-M|0|10
J0278|J0278-SET-L|0|10
J0210|J0210-DR-M|0|10
J0009|J0009-SKD-XXL|0|10
SET253|SET253-KR-NP-L|0|10
SET154|SET154-KR-NP-XL|0|10
SET264|SET264-KR-NP-XXXL|0|10
SET228|SET228-KR-PP-XXL|0|10
SET253|SET253-KR-NP-XXXL|0|10
SET281|SET281-KR-PP-XL|0|10
J0332|J0332-DR-M|0|10
SET251|SET251-KR-PP-M|0|10
SET347|SET347-KR-NP-XXXL|0|10
J0278|J0278-SET-XL|0|10
SET269|SET269-KR-NP-M|0|10
J0194|J0194-DR-M|0|10
SET347|SET347-KR-NP-M|0|10
SET186|SET186-KR-DH-S|0|10
J0398|J0398-DR-XS|0|10
SET073|SET073-KR-SHA-L|0|10
SET373|SET373-KR-PP-XL|0|10
SET252|SET252-KR-PP-XXL|0|10
J0135|J0135-SET-S|0|10
SET110|SET110-KR-PP-XS|0|10
J0094|J0094-KR-XXXL|0|10
SET251|SET251-KR-PP-XS|0|10
SET347|SET347-KR-NP-XL|0|10
SET073|SET073-KR-SHA-M|0|10
SET236|SET236-KR-PP-M|0|10
SET062|SET062-KR-SP-S|0|10
J0081|J0081-DR-L|0|10
SET383|SET383-KR-NP-L|0|10
JNE3798|JNE3798-KR-XL|0|10
SET098|SET098-KR-PP-M|0|10
J0396|J0396-DR-M|0|10
J0335|J0335-DR-M|0|12
J0249|J0249-SKD-XS|0|12
SET221|SET221-KR-NP-XL|0|12
SET244|SET244-KR-NP-M|0|12
SET281|SET281-KR-PP-M|0|12
SET098|SET098-KR-PP-XL|0|12
J0243|J0243-DR-XXL|0|12
SET253|SET253-KR-NP-XL|0|12
SET221|SET221-KR-NP-L|0|12
SET269|SET269-KR-NP-XXL|0|12
J0252|J0252-SKD-XXL|0|12
J0006|J0006-SET-XXL|0|12
J0130|J0130-SET-XXL|0|12
SET252|SET252-KR-PP-XL.|0|12
J0252|J0252-SKD-XXXL|0|12
SET062|SET062-KR-SP-XL|0|12
J0005|J0005-DR-XXL|0|12
SET186|SET186-KR-DH-M|0|12
J0006|J0006-SET-XXXL|0|12
SET250|SET250-KR-SHA-L|0|12
J0335|J0335-DR-L|0|12
J0041|J0041-SET-XL|0|12
SET058|SET058-KR-NP-S|0|12
SET221|SET221-KR-NP-S|0|12
SET156|SET156-KR-NP-S|0|12
SET197|SET197-KR-NP-M|0|12
JNE3160|JNE3160-KR-L|0|12
SET250|SET250-KR-SHA-M|0|12
SET262|SET262-KR-NP-L|0|12
J0252|J0252-SKD-XL|0|12
SET302|SET302-KR-PP-L|0|12
J0249|J0249-SKD-XXL|0|12
J0247|J0247-SKD-M|0|12
J0094|J0094-KR-L|0|14
SET267|SET267-KR-NP-XXL|0|14
SET062|SET062-KR-SP-L|0|14
SET197|SET197-KR-NP-L|0|14
SET264|SET264-KR-NP-M|0|14
SET266|SET266-KR-NP-XL|0|14
SET267|SET267-KR-NP-M|0|14
SET275|SET275-KR-NP-M|0|14
SET275|SET275-KR-NP-S|0|14
J0130|J0130-SET-XL|0|14
SET275|SET275-KR-NP-XXL|0|14
SET267|SET267-KR-NP-XL|0|14
SET264|SET264-KR-NP-XXL|0|14
JNE3709|JNE3709-DR-XL|0|14
SET266|SET266-KR-NP-XXL|0|14
SET058|SET058-KR-NP-XL|0|14
SET058|SET058-KR-NP-XXL|0|14
SET110|SET110-KR-PP-XL|0|14
SET272|SET272-KR-PP-XL|0|14
SET245|SET245-KR-NP-XXL|0|16
SET295|SET295-KR-NP-L|0|16
SET264|SET264-KR-NP-XL|0|16
J0130|J0130-SET-S|0|16
SET245|SET245-KR-NP-XXXL|0|16
SET253|SET253-KR-NP-M|0|16
SET144|SET144-KR-NP-M|0|16
J0278|J0278-SET-M|0|16
SET252|SET252-KR-PP-L|0|16
SET144|SET144-KR-NP-L|0|16
SET221|SET221-KR-NP-M|0|16
J0130|J0130-SET-L.|0|16
SET252|SET252-KR-PP-XS.|0|16
SET098|SET098-KR-PP-S|0|16
SET062|SET062-KR-SP-M|0|18
SET043|SET043-KR-NP-M|0|18
SET245|SET245-KR-NP-M|0|18
SET295|SET295-KR-NP-M|0|18
SET245|SET245-KR-NP-S|0|18
SET264|SET264-KR-NP-L|0|18
SET295|SET295-KR-NP-XL|0|18
J0006|J0006-SET-M|0|18
SET269|SET269-KR-NP-XL|0|18
SET197|SET197-KR-NP-S|0|18
SET275|SET275-KR-NP-XL|0|18
SET245|SET245-KR-NP-L|0|18
SET197|SET197-KR-NP-XL|0|18
SET098|SET098-KR-PP-L|0|18
J0130|J0130-SET-M|0|18
J0009|J0009-SKD-L|0|18
SET058|SET058-KR-NP-L|0|20
SET275|SET275-KR-NP-L|0|20
J0006|J0006-SET-XL|0|20
SET269|SET269-KR-NP-S|0|20
SET268|SET268-KR-NP-XXXL|0|20
SET268|SET268-KR-NP-S|0|20
SET245|SET245-KR-NP-XL|0|20
SET266|SET266-KR-NP-L|0|20
SET110|SET110-KR-PP-M|0|20
SET266|SET266-KR-NP-M|0|22
SET269|SET269-KR-NP-L|0|22
SET252|SET252-KR-PP-S.|0|22
SET300|SET300-KR-NP-M|0|22
SET110|SET110-KR-PP-S|0|24
SET058|SET058-KR-NP-M|0|24
J0252|J0252-SKD-L|0|26
SET268|SET268-KR-NP-XS|0|26
SET252|SET252-KR-PP-M.|0|26
SET267|SET267-KR-NP-L|0|28
SET268|SET268-KR-NP-XXL|0|32
SET268|SET268-KR-NP-XL|0|36
SET268|SET268-KR-NP-M|0|38
SET268|SET268-KR-NP-L|0|44
